Index,Cluster,Q1 (Da),Q3 (Da),Rt (min),Molecular Weight (Da),Ionization model,KEGG ID,Compound name,Class,R30,R45,R85,S30,S45,S85,L30,L45,L85,F30,F45,10DPA,20DPA,IMG,MG,Br,Br3,Br7,Br10,Br15
pmb1318,3,457.2,209.2,4.49,456.2,[M+H]+,-,8-Methyl-2-oxo-4-phenyl-2H-chromen-7-yl 4-(hexyloxy) benzoate,Benzoic acid and derivatives,-0.9372121849423355,-0.9449232678244587,-0.9409280843054213,-0.8478530891122069,-0.8301019775051094,-0.2226589383102342,0.6211105667471318,0.9536480575200912,2.9382223351935877,-0.8465513409276864,-0.8444212075348347,-0.8735330305704745,-0.77495519077906,-0.1303531579533274,-0.11141863890575679,0.7998050902585798,0.39862996793817707,0.9856000584128667,0.9938839104961786,0.6140101221042928
pmb1587,4,207.2,165.2,8.38,206.2,[M+H]+,-,"4-Hydroxy-3,5-diisopropylbenzaldehyde",Benzoic acid and derivatives,-0.5082546014586798,-0.5992250354688732,-0.48321975375923426,-0.27633392977261373,-0.18913894855730984,-0.28127797509925473,3.3040538040475456,2.1534396189383807,1.2545222868218455,-0.2830758097634878,-0.3756642949714909,-0.429599334898483,-0.44564500927676315,-0.47769141216671757,-0.5163448574477286,-0.5223226577063036,-0.429599334898483,-0.3176841270499744,-0.23363535649707837,-0.3433032710152956
pmb2654,3,460.1,117.9,0.78,461.1,[M-H]-,-,Anthranilate O-hexosyl-O-hexoside,Benzoic acid and derivatives,-1.2225237284695711,-0.00427048903333518,-0.5900078999472852,-1.3531004214490128,-0.440496019744565,0.5978057950165407,-0.2639018977685976,0.626902418409286,2.0078729286649493,-1.0311574746172871,-0.8216617861895237,1.524421339985495,1.793005555918525,1.096924796292089,0.568709171623796,0.4679900906489097,-0.583964755088792,-0.6455153045734446,-0.7965939260357742,-0.9304383936424009
pmb2871,5,315.1,153.0,1.82,316.1,[M-H]-,-,"2,5-Dihydroxy benzoic acid O-hexside",Benzoic acid and derivatives,-0.3576827514236929,2.1479052277316857,1.2879104432762845,0.5814861560450623,-0.47985661365981735,0.32758293396775345,-0.27168327297815276,-0.7904102858242676,-0.2621277753730927,0.5889940470204669,0.8783891173451411,-0.9562664228263807,-1.1446462327547064,-1.0552340765930737,-1.1303129863471164,-1.0914084603836578,-1.0634245031116965,0.7459772219607383,0.16991722348426347,1.8748910104442567
pmb2928,1,331.0,313.1,1.97,332.0,[M-H]-,-,Gallic acid O-Hexoside,Benzoic acid and derivatives,-0.42448447455353505,-0.688883002576052,-0.6461823202053452,1.6484512003542366,0.5594877713801417,-0.060216284614522594,1.341159932918866,0.6663995248420311,0.2009812927055424,2.448688875967181,1.629245496139526,-0.753926320849872,-0.7614165454936092,-0.7641693630977178,-0.76801050394066,-0.751877712400303,-0.7621847736621976,-0.7415706511384083,-0.7114817145353615,-0.6600104272399369
pmb3107,5,359.1,182.1,2.25,360.1,[M-H]-,-,Syringic acid O-glucoside,Benzoic acid and derivatives,0.1878244955326336,0.766471111221001,3.4274649071437286,-0.4106307648411871,-0.0756402367369434,1.9179095707695226,-0.4363917608853235,-0.38574798457128257,0.6913348727589363,-0.541680074262684,-0.40165344803792735,-0.5696561256484943,-0.5704660357513971,-0.5449977782986712,-0.5345567685383584,-0.528409258118735,-0.5334833937031861,-0.49854992179484964,-0.48303477645008563,-0.47610662978670043
pme0413,5,151.047,136.0,4.0,152.0473,[M-H]-,C00755,Vanillin,Benzoic acid and derivatives,2.3236145390399723,2.5548847828436227,2.1008242041757894,0.008599398565432327,-0.1440389623449769,0.01707930750489958,-0.5157673342187108,-0.5217803605576058,-0.34909857851754683,-0.29590642244270726,-0.08467959976870658,-0.5443677543690957,-0.5708867423252475,-0.5642569953362097,-0.5627151937108519,-0.5600941309477439,-0.5631777341984592,-0.5829127950030374,-0.565259166392692,-0.5800604619961256
pme2670,5,121.04,92.0,3.72,122.037,[M-H]-,C00633,4-Hydroxybenzaldehyde,Benzoic acid and derivatives,2.1784751519264143,1.7866636001351177,1.4065479155614717,-0.9250232142771858,-1.0007539545114736,-0.902216273202767,-0.651924714745043,-0.7987078483265587,-0.569468850860606,-0.490521747141464,-0.5273637288770636,-0.7645559160510188,-0.7530939661777211,-0.3513409272514213,-0.5741471977476661,-0.4647908392626326,1.593681791043882,0.594269937295634,0.7738014990865713,0.4404692833835277
pmf0249,2,121.0,76.8,4.56,122.0,[M-H]-,C00180,Benzoic acid,Benzoic acid and derivatives,-0.27569180112501995,-0.2882120143819674,-0.34916568418552724,4.157122650426841,0.6877056610674611,-0.24999241601865418,0.5559139425732775,0.0745446907732726,-0.2529577296847733,-0.37519454858812845,-0.43153550824439185,-0.2720675288664299,-0.2799750319760809,-0.39924653721331693,-0.40352976806437796,-0.4064950817304971,-0.3807956966241313,-0.3659691282935357,-0.3863968446601341,-0.3580616251838847
pmf0266,4,138.05548,119.8,2.95,137.05548,[M+H]+,C00108,Anthranilic acid,Benzoic acid and derivatives,-0.7739224620893428,-0.7671494969763918,-0.6901196549455162,0.1330483288568725,-0.4492244927938408,-0.7154930018611982,3.553901156054813,1.4846086805009762,-0.5360599708837649,1.2490712370207397,0.21088688314004084,-0.26625334571262704,-0.46236606689359655,-0.3592552547262827,-0.3167978614809182,-0.3511681322033561,-0.2996127261196992,-0.2743404682355537,-0.12270692093068042,-0.2470464297206765
pmc1990,2,299.1,223.1,6.76,300.1,[M-H]-,-,"4'-Hydroxy-5,7-dimethoxyflavanone",Flavonoids,0.6431611652413105,0.5878184712439022,0.8487197429459703,3.038709205414846,0.23467937621282012,-0.43733905089856795,0.5403818763889806,0.09500495802888424,-0.6850634906964912,-1.4493197411368928,1.0068417257957087,0.4718623504874276,-0.1263658179607491,-0.4347036845177388,-0.2528634042405397,-0.41889148623276495,-0.00777433082344537,-1.188418469434825,-1.3649880169503659,-1.101451378867469
pme0330,0,579.179,271.0,4.17,580.1792,[M-H]-,C09789,Naringenin 7-O-neohesperidoside (Naringin),Flavonoids,-0.6179162444350421,-0.6218740191896834,-0.6218740191896834,-0.6139227679541445,-0.6143414201187115,-0.6152136121282261,-0.6178650758371506,-0.6164463101683401,-0.6191305682968222,-0.6082593345056964,-0.5662894550078538,-0.6138297341397962,-0.5598933802714132,-0.24229919654016288,0.018893237242476657,0.4631297007552473,1.5539511739881764,2.197047415670276,1.9935359467835356,1.9225976633430146
pme0371,0,433.121,271.0,4.24,434.1213,[M-H]-,C09099,Naringenin 7-O-glucoside (Prunin),Flavonoids,-0.5042121232680989,-0.5042121232680989,-0.5042121232680989,-0.4959884273664805,-0.49655840553467506,-0.4944718783118201,-0.49600878372963036,-0.4981767364050845,-0.49995486472621986,-0.4857084639758294,-0.45118407207376154,-0.5025716752091272,-0.5027111162967034,-0.498746714573279,-0.49605967463750483,-0.4791537150415925,1.6840966405249482,2.52176098413939,1.9772282698821284,1.726845003139537
pme1201,0,273.084,167.0,5.55,274.084,[M-H]-,C00774,Phloretin,Flavonoids,-0.4907682382127398,-0.4907682382127398,-0.4872291842594996,-0.490096639660689,-0.4861198252040599,-0.48775943489610224,-0.4907682382127398,-0.4907682382127398,-0.4898170790885457,-0.48955828960564113,-0.4907682382127398,-0.4808173188380335,-0.4832863351060281,-0.4792235623052539,-0.48315569932465274,-0.002455214597692286,3.3107294726445207,1.3394355316901403,1.5915625897446102,1.0716321798706252
pme1580,0,287.063,135.0,4.99,288.063,[M-H]-,C05631,Eriodictyol,Flavonoids,-0.505870304193318,-0.505870304193318,-0.505870304193318,-0.5051914661965424,-0.505151423155429,-0.5044665203063847,-0.5041803794084284,-0.5042729789410032,-0.5043997819045289,-0.5044398249456424,-0.5042904977714904,-0.4890357675673211,-0.49918834694962116,-0.49654383777608857,-0.4959431921593872,-0.3708086886799285,2.14447825425951,1.9484341988083582,1.4512331049833092,2.361378060290572
pme1599,0,301.079,165.0,5.73,302.079,[M-H]-,-,7-O-Methyleriodictyol,Flavonoids,-0.41614915477883657,-0.41614915477883657,-0.41614915477883657,-0.41614915477883657,-0.41614915477883657,-0.41614915477883657,-0.41614915477883657,-0.41614915477883657,-0.41614915477883657,-0.38602278506548215,-0.40077042059104523,-0.40828534227397884,-0.41247521835462103,-0.41614915477883657,-0.41614915477883657,-0.41614915477883657,-0.41614915477883657,1.989438951996514,3.015856177618267,2.0121976487952224
pme2957,0,271.07,151.0,5.5,272.069,[M-H]-,C06561,Naringenin chalcone,Flavonoids,-0.4895162146222951,-0.48980633070032753,-0.48980633070032753,-0.48980633070032753,-0.489576369985525,-0.48980633070032753,-0.4896897129092939,-0.48980633070032753,-0.48980633070032753,-0.4893003985469548,-0.48757493834064436,-0.48914431976668277,-0.4892277011388817,-0.48157101502214583,-0.4830505117934741,-0.11517143313185083,3.2124188718634303,1.544791427885897,1.5610496341642297,1.124400665546157
pme2982,0,257.1,153.0,6.78,256.074,[M+H]+,C09827,Dihydrochrysin (Pinocembrin),Flavonoids,-0.5150606276775781,-0.5150606276775781,-0.5150606276775781,-0.5150606276775781,-0.5150606276775781,-0.5150606276775781,-0.5150606276775781,-0.5150606276775781,-0.5150606276775781,-0.5150606276775781,-0.5150606276775781,-0.5150606276775781,-0.5150606276775781,-0.5150606276775781,-0.5150606276775781,-0.20122671077484702,2.045984692382472,1.5436757091700282,2.122046472449124,2.2154292519368948
pme3461,0,301.1,151.0,5.74,302.27876,[M-H]-,C09756,Homoeriodictyol,Flavonoids,-0.4676627125411125,-0.46909211904578757,-0.46574669956676096,-0.47599524007623717,-0.47502628494349364,-0.4738864092882762,-0.4771316486603581,-0.4771316486603581,-0.4756967070070906,-0.4715494817176544,-0.454019483647555,-0.4759277842543782,-0.47592413470585565,-0.4713907871827311,-0.4697302426049597,-0.4709279636042599,1.3719718412461512,1.5599230427264583,3.166332650746322,1.4486118127879368
pmf0058,0,271.0,150.894,5.51,232.1212,[M+H]+,C00509,Naringenin,Flavonoids,-0.49116091986266713,-0.4914693952859167,-0.4914693952859167,-0.4914693952859167,-0.49125441491588506,-0.4914693952859167,-0.4914693952859167,-0.4914693952859167,-0.4914693952859167,-0.4909919297384395,-0.48939930995340597,-0.4907586289981667,-0.4908800851887956,-0.4827177631595747,-0.484608052553296,-0.09855794869908215,3.2046426698205326,1.49493562187854,1.5968772686893913,1.1541592596822654
pmf0451,0,521.0,273.0,4.49,520.0,[M+H]+,-,Naringenin O-malonylhexoside,Flavonoids,-0.44193618070786933,-0.4452581665452255,-0.44248282067996986,-0.4317771064277517,-0.4259578125475431,-0.4305687112765377,-0.437155439870167,-0.4335384319995368,-0.42704606013296753,-0.4319903526309071,-0.40258879647903717,-0.442312978571262,-0.44562238351167677,-0.4439296238282219,-0.4221520912227932,-0.43322957097962733,-0.17852302195408892,2.154163984421165,2.419620909883063,2.542284655060955
pmf0455,0,537.0,289.0,4.13,536.0,[M+H]+,-,Eriodictyol O-malonylhexoside,Flavonoids,-0.43718172437479064,-0.44623663393009333,-0.44487888589537156,-0.4434918339462313,-0.42849799773545505,-0.4036385103371321,-0.42595832515252224,-0.4278142397323577,-0.4242880020306703,-0.44634408161629435,-0.38742367769225355,-0.4487461234811751,-0.4478971890804725,-0.4166299123959807,-0.4035408306224039,-0.40539674520223945,-0.21140483175206543,2.51747335860922,1.8073418325353199,2.7245543538329704
pma0825,0,503.0,255.0,5.25,502.0,[M+H]+,-,Chrysin O-malonylhexoside,Flavonoids,-0.6079766057783009,-0.7382675304071458,-0.723120408135024,-0.7569190292727331,-0.7627724934728073,-0.737048058698797,-0.7417975800892082,-0.6490535475332075,-0.6770372141037378,-0.7726245412218359,-0.6222572613102801,0.16876268971838956,0.7200922673350291,2.247641038845625,0.7733639261734239,0.2862170700488261,-0.044965772850109796,0.37286374406308265,0.4704214807309862,2.794477825957822
pmb3000,2,503.1,341.1,3.95,504.1,[M-H]-,-,Chrysoeriol O-acetylhexoside,Flavonoids,-0.7559814788413768,-0.7559814788413768,-0.7559814788413768,0.2815445959313337,3.4563978307626555,1.2569076040855203,-0.5678815307236673,-0.5306705509226733,-0.43665840975414544,-0.4251530650245902,-0.26677318442314524,-0.6289230853604454,-0.45749241237252924,-0.5270427395214622,-0.4046300176691674,-0.5262135254868997,-0.348658070336196,0.7345027623111205,0.45982561336227956,1.1988626216661422
pmb3002,2,607.1,299.0,3.68,608.1,[M-H]-,-,Chrysoeriol 7-O-rutinoside,Flavonoids,-1.5872767637001188,-1.6200950412332222,-1.6247867545214068,0.9667623057405063,1.6466061857469867,1.8857373179585686,-0.41466464810987136,-0.4640719068312725,-0.6162462636931882,1.1406758564398387,1.5833648945835932,-0.4640719068312725,-0.1320551282234564,-0.3099212596205007,-0.04707464322264641,-0.1004344826417597,0.1979853600355035,0.16636471445380677,-0.03521690112951012,-0.17158093520057743
pme0324,3,255.058,153.0,6.65,254.0579,[M+H]+,C10028,Chrysin,Flavonoids,-0.4445975059531152,-0.25607227423497797,-0.3848886349104207,-0.5471530205681135,-0.573413866628558,-0.14038633658975733,-0.1638828830648918,1.0565553838494424,3.7752440260017583,-0.7426166442453788,-0.6027292637307698,-0.15904535879059944,0.0282359381141483,0.6529676443941925,0.5465421103597603,0.47467032114170205,-0.40866161134408613,-0.66962531369527,-0.7225754722518818,-0.7185672378531823
pme0341,0,299.063,284.0,5.77,300.26,[M-H]-,-,"5,7,3'-Trihydroxy-4'-methoxyflavone (Diosmetin)",Flavonoids,-0.44905872659792473,-0.48272734174564064,-0.5082569681886864,-0.5089706212275962,-0.5074809940111285,-0.5054973577687912,-0.5106730523321308,-0.5097154348358302,-0.51343190273814,0.20683325697947536,1.0428485315277258,-0.48500738340349947,-0.4867174146468936,-0.4128820656265641,-0.423674262807096,-0.4143260920098747,-0.1176926723224364,0.7266827549712964,1.1500104894470924,3.709737257336644
pme0363,0,299.063,284.01,5.75,300.0634,[M-H]-,C04293,Chrysoeriol,Flavonoids,-0.49076112122642657,-0.4441293521937918,-0.48918531013378835,-0.5176264054853854,-0.5095790595171552,-0.5091353845493249,-0.5130213653020446,-0.5131896558070836,-0.5145818772578611,0.19958182958052173,1.0280300884772318,-0.4866609525582028,-0.4885733446609191,-0.4149080008642864,-0.4237815002208902,-0.41299560876157015,-0.12322995735799319,0.7319917909767454,1.1940257229930085,3.6977294638692157
pme3303,2,303.0,257.0,4.41,302.043,[M+H]+,C10192,Tricetin,Flavonoids,-0.8351646045026837,-0.8444023941894521,-0.8374157029014626,1.3832583414449278,2.7242500869752204,2.185643721623198,-0.31528516816136193,0.9675647107501615,-0.19665366358767272,-0.6384489873725757,-0.7406460925932159,-0.8396090737462116,-0.7927113745772447,-0.41264862651345835,-0.06683571911821082,-0.3547829682871769,-0.14693615293979367,-0.233941796573582,0.1306532815108642,-0.13588781724026505
pmf0150,0,435.13,166.7,4.39,436.136947,[M-H]-,C01604,Phloridzin,Flavonoids,-0.7747012796256514,-0.7327963327274338,-0.8163142059879926,-0.5110067357295516,-0.06859562387729108,-0.05107439172472631,-0.7234516755793994,-0.7487114519326804,-0.8120799082177895,-0.7300221376366112,-0.721699552364143,-0.41610006156982576,-0.20584527573904848,-0.049614289045345865,0.1139172110452587,0.03799187171747799,0.6293334568665389,2.398977904275581,2.1332392166283483,2.0485532612242854
pmf0459,0,551.1,303.0,4.59,550.1,[M+H]+,-,Tricetin O-malonylhexoside,Flavonoids,-0.4442855392923083,-0.44920710262500213,-0.4468737938828128,-0.39942615459093,-0.418269978162055,-0.3946597756876454,-0.430429786666481,-0.3792521787677255,-0.4328351453223246,-0.4330512950632875,-0.33502461638608494,-0.44849214578950947,-0.4487470916378246,-0.44103220857576403,-0.43811695822329,-0.4403338786434223,0.04090966385785998,1.385471898668136,2.0211738291410906,3.3324822576493816
pmb3023,1,449.1,287.0,3.19,450.1,[M-H]-,-,Eriodictyol C-hexoside,Flavonoids,-0.3282678730042455,-0.3302947911097418,-0.3302947911097418,-0.3226263592156624,-0.3209472314096027,-0.31843235012669946,-0.3161460944149692,-0.31485054951165536,-0.3256462997881281,1.4606048305355763,4.02121122767346,-0.31592254941204445,-0.3218922171037845,-0.31910298513547364,-0.32363485201294784,-0.32072114612255387,-0.3141646727981363,-0.21242629362614002,-0.20597397195081246,-0.24047103035669778
pmf0426,4,435.1,285.1,3.52,434.1,[M+H]+,-,Naringenin C-hexoside,Flavonoids,-0.5730286407933398,-0.39799419298395056,-0.12197833297683695,-0.38901806745526396,-0.20628979776414344,0.8056080676394041,2.822030552476506,2.018987893570792,1.7865703575601564,-0.35199154964943163,-0.5364829868551156,-0.5257436938118656,-0.4883966000942945,-0.23145500683563983,-0.2272875199830353,-0.4021616798365551,-0.7036344729948475,-0.789213815513081,-0.789213815513081,-0.6993066981863736
pmf0423,0,431.1,269.2,4.05,432.1,[M-H]-,-,Heptamethoxyflavone,Flavonoids,-0.5062058724512762,-0.5062058724512762,-0.5062058724512762,-0.5030494793036827,-0.5005298582943943,-0.5004812909279134,-0.5062058724512762,-0.4983281376805936,-0.4987593619312034,-0.4730196290436573,-0.22289769166703452,-0.4961107136182974,-0.49589485865616006,-0.4827331023398368,-0.45656068818068646,-0.43238493242130627,0.8045719281066219,2.235150689671728,1.8520081318779804,2.6938424842135396
pmf0428,3,447.2,285.0,3.79,446.2,[M+H]+,-,Biochanin A 7-O-glucoside,Flavonoids,-0.5883032298470767,-0.7483427114909245,-0.2254605193849737,-0.6312568481384658,-0.7105762528247169,-0.2871119692957647,0.2447259761760849,0.025032170663414347,0.20794466032102246,-0.7483427114909245,-0.5521362613757556,-0.7483427114909245,-0.6171318287605041,0.43360300353991926,1.2199278911440934,3.7339805343184995,-0.25231883267611094,-0.3825266789822676,0.06578984498929438,0.5608464746060815
pmf0429,1,449.1,287.1,3.94,448.1,[M+H]+,C12249,Kaempferol 3-O-glucoside,Flavonoids,-1.097933196952149,-1.097890740324656,-1.0995140340963296,-0.8425353542677566,-0.4094777538387309,-0.6104391239724617,-0.4501653551862292,-0.24672734844873762,-0.5467541827328991,1.7547488326190714,3.3044157361150943,0.19128352518780964,0.5128924784476008,0.22984829516065594,0.17677751079435378,-0.21276204645430424,-0.13634011696682902,0.26876687036261077,0.17677751079435378,0.13502849375952933
pmf0431,0,451.44,153.0,3.85,450.44,[M+H]+,-,Eriodictyol-7-O-glucoside,Flavonoids,-0.49599593518859303,-0.49216487304595474,-0.5071958869352142,-0.49521215172317057,-0.49369153690730677,-0.4490176076769371,-0.5049027225955494,-0.5071958869352142,-0.4865767072138357,-0.4852778907325458,-0.5071958869352142,-0.4844451388036459,-0.5071958869352142,-0.4771024617301126,-0.46310324217129895,-0.42761550863949155,1.1018424356286745,2.40497966369602,1.9642634924000342,2.3128037324445714
pmf0435,0,465.0,285.0,3.51,466.0,[M-H]-,-,Taxifolin O-glucoside,Flavonoids,-0.9059641121948026,-0.9059641121948026,-0.9059641121948026,-0.21425180321656148,-0.1964448188175851,-0.2598167338845307,-0.10845736649323078,-0.2262977044276339,0.04813934925070944,-0.4295068205100712,0.6205815241942766,-0.867359617487492,-0.751132382845702,-0.6033867858177238,-0.6374295501098847,-0.4164134496284708,0.20787847400623363,1.9849107700570325,2.0844203887571955,2.4824588635578455
pmf0438,5,477.4471,315.0,3.92,476.4471,[M+H]+,-,Irisolidone 7-O-beta-d-glucoside,Flavonoids,2.1109322994856656,2.4328339991139787,1.756015040921116,-0.43497998898492485,-0.7837480996976005,-0.3119970319474413,-0.05034872737776153,0.2071726323248886,1.1159258920448176,-0.7531261687842405,-0.5195823587590326,-0.7845322192223362,-0.7850274526063797,-0.7318311332703675,-0.5934546718788634,-0.479963688035548,-0.6915521513681582,-0.567785074805939,-0.48780488328290433,0.3528537861310353
pmf0439,5,477.1,315.2,3.91,476.1,[M+H]+,-,"3,7-Dimethoxykaempferol-C-glucoside",Flavonoids,2.530609186722369,2.2234173929892393,1.4437858061355062,-0.37288290507937566,-0.7489809959929873,-0.26801398239116964,0.06618950354952732,0.034940683152536595,1.3325611911631665,-0.7259416114630026,-0.5646129556507422,-0.7329858370779174,-0.7531174923879109,-0.6810280526551244,-0.4247877253998009,-0.43538054587335706,-0.7126476217686896,-0.646601386116067,-0.5519015710824747,-0.012621080773730527
pmf0458,0,551.0,303.0,4.58,550.0,[M+H]+,-,Quercetin O-malonylhexoside,Flavonoids,-0.44022072133322665,-0.4429550835344027,-0.4380540191211837,-0.39875755649317124,-0.39563942415849684,-0.3762910132612862,-0.4350558149532275,-0.43005081279551927,-0.4257733748492351,-0.42442218417087624,-0.31120999478885064,-0.4438825280236905,-0.44349076267907755,-0.4347679873531037,-0.4285557083170985,-0.4348719250975928,0.03338360424824711,1.130326569164484,2.247257561867095,3.293031175650213
pmf0468,1,595.3,449.1,3.93,594.3,[M+H]+,-,Kaempferol 3-O-glucoside-2'-O-rhamnoside,Flavonoids,-1.2722038884600788,-1.2722038884600788,-1.2722038884600788,-0.9365884620953933,-0.3711146951972224,-0.5120250948425398,-0.33613693642001596,-0.19622590131119008,-0.6254529697343378,1.9957136487270803,2.5170488152635384,1.0346580861343129,1.1179384641752803,0.4933356288680226,0.36175263156329357,-0.3161496456901837,-0.449398250555732,0.09025859914973872,-0.01134346206024175,-0.03965879059417093
pmf0469,1,611.16,302.94,3.71,610.153,[M-H]-,C04194,Rutin,Flavonoids,-1.6018955197310525,-1.6604509452013292,-1.6675857371444283,0.08673158720341029,1.032069139513643,0.9568718342162382,0.14581518422279965,1.3310679486723724,0.02048634206045822,0.9774615725714801,1.5441269803483528,0.5853613378064403,0.7966299574515304,0.24339263990633722,0.4958407362619108,0.3606646279296708,-0.9597642448521412,-0.9123183260335407,-0.756552479346059,-1.0179526358560855
pmf0470,3,611.2,465.1,3.45,610.2,[M+H]+,-,C-hexosyl-tricetin O-pentoside,Flavonoids,-1.122785969112757,-1.1247390682743292,-1.1247390682743292,-0.7007737483980806,-0.3235494845810259,-0.6028976370659838,-0.7506911970438883,-0.5314335428654664,-0.39242292638346976,-0.2742639023737725,-0.689400152504099,-0.49352155655219454,0.3594981354964213,1.3142483241523166,2.413695927237199,2.1546306874298415,0.7746343856267477,0.45111876908682824,0.5635909951495345,0.09980102925050935
pmf0481,3,743.1774,303.0501,3.43,742.1774,[M+H]+,-,Quercetin-3-pentosylhexoside-7-deoxyhexoside,Flavonoids,-1.1137267648998586,-1.1151871601707204,-1.1149955258860833,-0.7234366887478044,0.013838213847679783,-0.8228043792398267,-0.8759434559298052,-0.5985717731175414,-0.7142386243521399,-0.30356649534985897,-0.5461475718987288,-0.6042907768868664,0.23592619355646813,1.2010080796300657,2.0302636261821942,1.9587760790656312,1.4726607586730043,0.8578678534705644,0.5009067015351942,0.26166171051843073
pmf0483,0,757.5085,287.053,3.0,756.5085,[M+H]+,-,Kaempferol-dihexoside-rhamnoside,Flavonoids,-1.0269280265006255,-1.0271197606659093,-1.0269673144393514,-0.6238224625659643,-0.34471372641565284,-0.6302683918073111,0.19642203339540135,0.483265884635329,-0.17969793783717777,0.4445903091872489,2.558855100348962,-0.857809694026849,-0.8184895256546343,-0.6992398346897205,-0.6634649274002464,-0.6334913564279844,0.8013724926957878,1.3792500491825184,1.1923181011834645,1.4759389878027185
pmf0488,1,903.0,286.8,4.36,902.0,[M+H]+,-,Kaempferol-ferulyglucosyl-xylosylrhamnoside,Flavonoids,-0.6957757285165206,-0.6965459592143813,-0.6864765682518145,0.9859762362554385,1.5313270785799509,0.6421232461391001,-0.5965039948579733,-0.5502213823883143,-0.31447577236455276,0.9412753475403144,3.324864275026771,-0.6404484069948414,-0.6293763407130952,-0.6008365425334392,-0.5723655149518064,-0.5764917508332025,-0.4693471591129515,-0.2216354650331414,0.01218456824596854,-0.18725016602150762
pmf0489,0,905.09998,302.7,2.69,904.09998,[M+H]+,-,Quercetin O-dihexoside-rhamnosyl-xyloside,Flavonoids,-0.6991142690244946,-0.7005493516266454,-0.6993412236297487,-0.5303443401403238,-0.4757536520551195,-0.5238599228473522,-0.5885419853447436,-0.40673513549305346,-0.411557920854701,-0.5541745736919943,-0.4602315781600688,-0.6608837657694575,-0.5890688442497976,-0.27056237234065056,0.13633481279331497,0.6121289316651034,0.6319874596248287,1.5851968016916482,1.3582421964376434,3.2468287330156107
pmb0595,1,479.2,317.2,3.98,478.2,[M+H]+,-,Isorhamnetin 5-O-hexoside,Flavonoids,-0.9124059432021854,-0.8888337944032947,-0.8948713475016482,0.05244642534532457,1.6061529088471396,1.2246309364618242,0.35047032296617714,0.32734777918524893,0.16420538695314427,0.5495811166352811,3.2118851158560435,-0.5975539720518795,-0.4999254538657382,-0.5808543570989869,-0.49767742877592575,-0.6572872101526108,-0.4922179392720955,-0.5917733361066475,-0.5400687590409607,-0.333250450778214
pmb0706,0,713.1,465.1,2.96,712.1,[M+H]+,-,Quercetin 5-O-malonylhexosyl-hexoside,Flavonoids,-0.6621961092719234,-0.6621961092719234,-0.6621961092719234,-0.14820255513516178,1.018172355851457,-0.062186706242343244,-0.5734649120612565,-0.3981302056781353,-0.302205330992864,-0.5555736154915502,-0.4831826770633542,-0.6190065193526526,-0.605641720815082,-0.5781441742410258,-0.5434625839674414,-0.5024502272153455,0.20687086909439298,1.477841052334679,1.377374540827867,3.2779807379635852
pmb0711,1,611.2,303.1,3.7,610.2,[M+H]+,-,Quercetin 7-O-rutinoside,Flavonoids,-1.598444166916307,-1.6673944165075618,-1.6721989948276972,0.0904393608305798,0.9287257078133215,0.9143550847221888,0.14792185319511067,0.9430963309044543,0.1373833962616135,1.4748093852763646,2.0975363858921154,0.3059987071975705,0.4305441073207209,0.09522956852762413,0.2394148202086558,0.11439039931580117,-0.8053294785166927,-0.510731705148472,-0.8613749085721103,-0.8043714369772837
pmb3026,0,505.1,301.2,3.65,506.1,[M-H]-,-,Quercetin O-acetylhexoside,Flavonoids,-0.4539360303209636,-0.4539360303209636,-0.4539360303209636,-0.4539360303209636,-0.45237542097839695,-0.4539360303209636,-0.4539360303209636,-0.45157145079054567,-0.4539360303209636,-0.4539360303209636,-0.4539360303209636,-0.4539360303209636,-0.4539360303209636,-0.4539360303209636,-0.45219792960413707,-0.45263639903610503,0.4159849123267746,1.5642007161808937,2.3442862623107916,2.9315416734422874
pmb3894,1,329.1,229.1,5.89,330.1,[M-H]-,-,Di-O-Methylquercetin,Flavonoids,-0.04732342136834653,0.22353512208499113,0.025988372402654072,-0.0699315493875473,0.28389662893237183,-0.20689729583396765,-0.3319443883828869,-0.3114434256936311,-0.29206189458590853,-0.3015002392929535,4.2725850014072915,-0.38227491027417576,-0.37900441408499036,-0.3806725866378634,-0.3788288169741616,-0.3669540623543678,-0.3750534790913436,-0.3531477395154578,-0.36148860227982316,-0.2674782990698843
pme0200,1,287.048,153.0,5.72,286.048,[M+H]+,C05903,Kaempferol,Flavonoids,-0.46850046766101294,-0.46850046766101294,-0.46850046766101294,-0.46850046766101294,-0.4559318177545638,-0.44242208045467013,-0.27192185524834295,-0.19988589295013204,-0.07369462882915691,2.0150916176207465,3.706482323838834,-0.20022810654774828,-0.39032776002354946,-0.40358853693117736,-0.43195804417356065,-0.37912026470161875,-0.22914515554631748,-0.20998119407981009,-0.13229870742093183,-0.027068026153949168
pme0369,1,593.159,285.0,3.94,594.1585,[M-H]-,-,Kaempferol 3-O-rutinoside (Nicotiflorin),Flavonoids,-0.7550702978723158,-0.7557022495513982,-0.7557962393151043,-0.5688713966971833,-0.2914389886629064,-0.5006174034036565,-0.4697023593824708,-0.3761542391625192,-0.549037589234241,2.491717961400203,3.238496946847027,0.04983097780472814,0.23813170047922305,0.0076740995940203375,-0.020028991801587646,-0.2657433676582845,-0.10193378375381994,-0.17621018822030504,-0.21917005458740732,-0.22037453682199895
pme1478,1,317.0,151.0,4.68,318.038,[M-H]-,C10107,Myricetin,Flavonoids,-0.5536943987803397,-0.5536943987803397,-0.5536943987803397,-0.3067295577698232,-0.24407462981789513,-0.4436945776905434,-0.5536943987803397,-0.5536943987803397,0.16503510135208677,2.2585855165200055,3.341572577624569,-0.5536943987803397,-0.5536943987803397,-0.5536943987803397,-0.5536943987803397,-0.5536943987803397,0.4496771127465987,-0.04836219358095857,0.0875585775405628,0.2773760608787965
pme1502,1,315.079,300.0,7.22,314.079,[M+H]+,-,Kumatakenin,Flavonoids,0.7896681284248097,0.758344116262711,-0.5940498486480504,1.9433008418098143,1.3386311312206427,-0.6493689702391582,0.08112531563781303,0.4711075053004755,-0.7159985619135433,0.383794904470689,2.637432494895688,-0.7159985619135433,-0.7159985619135433,-0.7159985619135433,-0.7159985619135433,-0.7159985619135433,-0.7159985619135433,-0.7159985619135433,-0.7159985619135433,-0.7159985619135433
pme1521,1,303.058,125.0,4.12,304.058,[M-H]-,C01617,Dihydroquercetin (Taxifolin),Flavonoids,-1.3416660116488983,-1.3416660116488983,-1.1136720144939105,-0.42902716139042374,-0.3694304269176469,-0.2228711105101036,0.5458051381999987,0.8583839292102775,-0.7586335908214961,1.9542340875770527,2.367762449224893,-0.46551495800640963,-0.40591822353363277,-0.4679474777808087,-0.7002531162359188,-0.5962628958803591,0.15903449407054848,0.8839253868414676,0.24295642628731598,1.2007610874569448
pme1566,4,463.096,300.0,3.85,464.3763,[M-H]-,C10073,Quercetin 3-O-galactoside (Hyperin),Flavonoids,-0.7652333054124465,-0.7652333054124465,-0.7652333054124465,-0.18780678462476796,0.24424958051057782,-0.46474516904422836,1.882327942311315,3.1005319793470645,1.43484099270685,0.2751107494488168,-0.011573267266929527,0.3002869662142222,-0.07410774116809807,-0.6529982995674861,-0.6427653856563859,-0.6683476704341366,-0.5842103782762008,-0.5359694984095851,-0.6075186821848181,-0.5116054176688701
pme1588,4,315.058,151.0,5.9,316.058,[M-H]-,C10084,Isorhamnetin,Flavonoids,-0.49822193794353103,-0.4827118369764869,-0.4723326146086587,-0.4581851096066078,-0.4094605573411584,-0.37008623255962847,2.272598162443202,2.347775870856624,2.328981443753269,0.05250646085932212,0.4274552815712664,-0.5276446135738342,-0.5171620218569377,-0.5276446135738342,-0.5276446135738342,-0.5276446135738342,-0.5276446135738342,-0.5276446135738342,-0.5276446135738342,-0.5276446135738342
pme1605,1,593.159,285.0,3.95,594.159,[M-H]-,-,Kaempferol 3-O-robinobioside (Biorobin),Flavonoids,-0.7792631076320334,-0.7802064263520512,-0.7800331377263118,-0.5816699026786496,-0.2979522507327903,-0.5145630329070242,-0.47633760075862996,-0.37015584479086827,-0.5553368271986447,2.5065202878877315,3.198825336797538,0.05329699800856543,0.30940739340280654,0.02781337657630262,-0.014659325810802138,-0.259302091560525,-0.08431455772565374,-0.1743566867863157,-0.19856612714696537,-0.22914647286568074
pme2973,0,675.2,513.0,4.78,676.237,[M-H]-,C17555,"Kaempferol 3,7-O-diglucoside 8-prenyl derivative (Icariin)",Flavonoids,-0.4958547109936676,-0.4955181046945717,-0.49532223937762265,-0.49698617008739365,-0.4971773346367359,-0.4967998473286863,-0.49714428824046025,-0.49770353856263855,-0.4958077033175999,-0.49717434181469294,-0.49663517943942087,-0.49656010818074064,-0.4953316409128362,-0.49582052074394106,-0.4968108157864355,-0.4764564920490896,1.6035391585977512,1.7962706304756224,2.4167719545702324,2.1065212925229275
pme3211,4,463.0,301.0,3.84,464.096,[M-H]-,C05623,Quercetin 3-O-glucoside (Isotrifoliin),Flavonoids,-0.7851628962943946,-0.7851628962943946,-0.7851628962943946,-0.18571701888696268,0.30500028444641847,-0.4647148359218611,1.9442320300194613,3.060223298159055,1.3862363959496646,0.23612768046980356,-0.032985642475858376,0.3493210805239624,-0.03171022388369878,-0.6573030433379509,-0.6506070957291133,-0.6821737058850618,-0.5948075323221337,-0.5457039165239915,-0.5906624218976152,-0.48926664382093205
pme3267,0,447.0,285.0,3.86,448.101,[M-H]-,C12626,Kaempferol 3-O-galactoside (Trifolin),Flavonoids,-0.6237407303871064,-0.6237407303871064,-0.6237407303871064,-0.47661190627661926,-0.33812397191444105,-0.3354191294464298,-0.5000358420495972,-0.4809937510747976,-0.5152862848527384,-0.4800741046356738,-0.38681113633864433,-0.5635996400478624,-0.45502726338188915,-0.30739696147783274,-0.3976305062106895,-0.2905187444774423,0.6199312302551593,2.935817351366429,1.8863384737780473,1.9566643779463404
pme3396,1,289.0,215.0,3.61,288.063,[M+H]+,C01378,Fustin,Flavonoids,-0.3413554340065509,-0.35039830775376984,-0.35039830775376984,-0.32617212788536426,-0.3314560909531068,-0.3297666605845088,-0.3186595545441521,-0.32286515780215125,-0.3294072073145944,3.452616317417346,2.474903423250026,-0.3041735877665996,-0.3200254769698271,-0.31995358631584414,-0.32696292507917607,-0.3324266147818758,-0.33900820415400945,-0.33395429117901226,-0.3166466162326312,-0.33388958959042764
pmf0180,4,433.3503,300.8,3.98,434.3503,[M-H]-,-,Quercetin 3-alpha-L-arabinofuranoside (Avicularin),Flavonoids,-1.3608948083319667,-1.3608948083319667,-1.3608948083319667,-0.023138971387380296,1.333290204537131,1.1656416547037642,0.5763316007440517,2.857367930295009,0.14450957844598625,-0.08918233950355485,0.957351032183521,-0.3855307861786978,0.4984342947608713,-0.2856190241567925,-0.22465591512647742,-0.2348164332981966,-0.3838373664834112,-0.49560306637232227,-0.7191344661501444,-0.6087235020174626
pmf0473,0,627.57,303.0,2.83,626.57,[M+H]+,-,"Quercetin-3,4'-O-di-beta-glucopyranoside",Flavonoids,-0.8801606809015791,-0.8767964358382402,-0.8764255741777146,-0.4830914630322176,-0.3382788146365245,-0.436292253489707,-0.32621109393688347,0.030228168679344938,0.3604716473378158,-0.33239212161230935,0.03376018449387404,-0.7618263777288058,-0.723857207722618,-0.6187797372403773,-0.494864849080648,-0.4480656395381374,0.7607667729844471,1.8292015568794997,1.820371517343177,2.762242401217604
pmf0513,1,287.06,259.0,4.61,288.063,[M-H]-,C00974,Dihydrokaempferol (Aromadedrin),Flavonoids,-0.36982622109902247,-0.36982622109902247,-0.36982622109902247,-0.36576137158739064,-0.365101454976382,-0.36798740608863967,-0.36032258516412613,-0.36325905620832694,-0.36901517095410996,2.7750391161057695,3.196564798257182,-0.3568335523642961,-0.359784232139356,-0.36216498393218116,-0.36630446085578044,-0.33689396672544836,-0.05518219622695385,-0.27241790358288775,-0.2744702758180819,-0.2866266344419241
pme0199,0,301.043,151.0,5.11,302.043,[M-H]-,C00389,Quercetin,Flavonoids,-0.9610923287374032,-0.9376469944646468,-0.9736992612115426,-0.9460282920138595,-0.9259977597976217,-0.7973179299938825,0.06434097217564298,0.7617571994358248,0.4255056931724536,-0.7238085680026219,-0.1586476782162564,0.3407700060235321,-0.4400747335384465,-0.576943629296233,-0.5611806384926677,0.06972345684027499,2.8824561573008536,1.2146548376455788,0.7448408190612669,1.4983886721097543
pmf0484,0,773.0,303.0,2.84,773.0,protonated,-,Delphinidin 3-sophoroside-5-rhamnoside,Flavonoids,-0.8502240646850332,-0.8509628924774459,-0.85076075941369,-0.42813865147375363,-0.3096048463716527,-0.4771984763632343,-0.3135559732083894,-0.12390188504502793,0.04006987867954492,-0.34088460049581826,0.06311811856050906,-0.7603296402723915,-0.7278974741541778,-0.6016589717204404,-0.4343946022985868,-0.42385826406728894,1.0120470805167727,1.62117913451368,2.0031213953982276,2.7538354943782
pmf0490,2,919.0,177.0,4.15,919.0,protonated,-,Ferulylpelargonidin di-O-hexosyl-O-pentoside,Flavonoids,-0.6542173106935597,-0.6606828150483537,-0.6555954375115183,1.7562384356247875,3.1443156277201085,1.8781305188016166,-0.303737770063628,-0.22488105502882214,0.19104458389293014,-0.42189846293912575,-0.49304363801784656,-0.6462122347004365,-0.603691798419997,-0.4363265054376077,-0.19851256356607944,-0.42189846293912575,-0.3957787308298052,-0.31244434743340155,-0.17960685270599974,-0.36120118070413326
pmf0472,1,625.3,317.1,3.98,625.3,protonated,-,Petunidin 3-O-rutinoside,Flavonoids,-0.9058754296261127,-0.9101512422074362,-0.9081034492546215,-0.11366165081403527,1.41513071561758,1.0797523799780455,0.2423513332020746,0.3259347190312421,0.1083567177946906,0.46959366342512365,3.4394158411677282,-0.523742637538388,-0.48482412351168186,-0.543071295511383,-0.4331069035298845,-0.6478117258785584,-0.3735537411266027,-0.5166902893590519,-0.5031079891618123,-0.2168348926969139
pme0442,0,303.0,229.0,2.84,303.24,Protonated,C05908,Delphinidin,Flavonoids,-0.8428476282875149,-0.8428476282875149,-0.8428476282875149,-0.45654286185293985,-0.35751033985830355,-0.4295909729556654,-0.29357795224151306,-0.008180431050219508,0.25736879986788735,-0.3836265112703912,0.0471858523434062,-0.7408957361877498,-0.6890812521061681,-0.5885862245124548,-0.47137684721500567,-0.4258302442723248,0.5715985742981256,1.505512863994379,2.1636403835789872,2.8280357843024966
pme3256,0,611.0,303.0,2.44,611.0,Protonated,C16315,Delphinidin 3-O-rutinoside (Tulipanin),Flavonoids,-0.7840131511328072,-0.7145315245901246,-0.7840131511328072,-0.6742029149494062,-0.5910719873140099,-0.7407486737072168,-0.7840131511328072,-0.7430017009329154,-0.7231340446972733,-0.6334803143938348,-0.5612101333848836,0.20903632815975795,0.02821645081521977,-0.05901614176952557,0.4655348123162275,0.5908955579512588,0.48864278386185545,1.2673814249495152,1.7405171423462462,3.0022123887375285
pmf0144,0,465.2,303.201,2.69,500.8372,[M-Cl]+,C12138,Delphinidin 3-O-glucoside (Mirtillin),Flavonoids,-0.6456622248616902,-0.6529135913486956,-0.6458584005413682,-0.6327199802487542,-0.5185225502776737,-0.5379261084130937,-0.5863458329881541,-0.5032030131100947,-0.44363694309878654,-0.52656575314447,-0.529815135766045,-0.6264726765586461,-0.5595589356357635,-0.2681488805505016,0.08407563523492811,0.421141121227061,0.8152758958527823,1.5446927412008367,1.758702573576794,3.053462059451336
pmf0251,5,124.08,80.0,0.84,123.08,[M+H]+,C00253,Malvidin 3-O-glucoside (Oenin),Flavonoids,2.3924605640049577,2.67399748840665,1.1169259269197367,-1.0706734321966012,-1.0530917385502914,-0.9433497945488153,-0.8825608014841232,-0.7601784241421627,-0.35223716633562807,-0.19308261927589562,-0.6975508225915821,-0.6625023483293305,-0.05346328737872954,0.11201147635124507,0.29242493402906466,0.14820908091717702,-0.2626050026485585,-0.06323089496001282,-0.04427024494928656,0.3027671067621881
pmf0512,0,271.06,215.2,4.83,306.0295,[M-Cl]+,-,Pelargonin chloride,Flavonoids,-0.4667440523543108,-0.4667440523543108,-0.4667440523543108,-0.4667440523543108,-0.4667440523543108,-0.4667440523543108,-0.4667440523543108,-0.4667440523543108,-0.4667440523543108,-0.4667440523543108,-0.4667440523543108,-0.4667440523543108,-0.4667440523543108,-0.4667440523543108,-0.4667440523543108,-0.4124100520920621,3.248905202219602,1.2926855708155072,1.7612684127564882,1.110711651615126
pmb2831,1,315.1,153.1,2.45,316.1,[M-H]-,-,Protocatechuic acid O-glucoside,Flavonoids,-1.071662971316919,-1.071662971316919,-1.071662971316919,0.10328889286529705,-0.6032796975107082,-0.03696575946779702,-0.7013148371516973,-0.6572348035612965,0.10615123270882942,1.2238949416082825,2.401747787221919,-0.7591341019910545,-0.7587047510145246,-0.40906993912702594,-0.40763876920525977,-0.08319254794084735,-0.20441264031445006,1.6017238009545764,0.49256711158572103,1.906562994290791
pme2482,1,139.1,92.8,3.06,138.032,[M+H]+,C16700,Protocatechuic aldehyde,Flavonoids,0.5600565849675031,0.5121599398728279,-0.48587247884412205,1.8632908817295912,-0.9180561601635154,-0.41235669800113245,0.20138868449109906,-0.08487731060963308,0.7338211578691148,2.631864954179028,-0.26309738538051713,1.1804852202636424,-0.22968112136097638,0.10893702070370317,-0.37782655851427355,-0.49701123351730225,-1.035013084231908,-1.4103891167180824,-0.8746150169381125,-1.20320827979693
pmf0289,5,153.0,109.0,3.28,154.0,[M-H]-,C00230,Protocatechuic acid,Flavonoids,0.4486023859180528,2.476422474128853,3.359282920696821,-0.44177905348542895,-0.3640305251274627,-0.3800825332468803,-0.4309074547676131,-0.42109039773945495,-0.40691835566471063,-0.42911527314234277,-0.417905077378258,-0.3800825332468803,-0.3517407064110336,-0.2438912768586967,-0.24765346626168516,-0.3088506185601439,-0.38848475624688794,-0.36841974609761596,-0.3928739772170412,-0.3104820292915931
pma6561,0,341.0,135.0,2.86,342.0,[M-H]-,-,Caffeic acid O-glucoside,Hydroxycinnamoyl and derivatives,-0.6400191478572043,-0.7009392572097988,-0.4859890442101502,-0.4547016794068424,-0.19763385994120253,0.34688662365482814,-0.5912830603751287,-0.6389662076955545,-0.44071261725920957,-0.7069560581335119,-0.5634553561029557,-0.8082188176796025,-0.7858062342387713,-0.46462940093096894,-0.19161705901748946,-0.0848188426215829,0.8101802947807328,2.2451873150862944,2.0691958880676875,2.2842965210904294
pma6599,3,207.1,85.0,3.33,206.1,[M+H]+,-,6-Hydroxymethylherniarin,Hydroxycinnamoyl and derivatives,-0.7310099041886801,-0.533045705043663,-0.31340242933521456,-0.5236324217990151,-0.41723379603375377,1.0806192438948987,1.2346547878982261,0.7440230551468868,3.3968574240930813,-0.5886696514893088,-0.6922157671804345,-0.6294605455494493,-0.5321899520214223,0.3304090943972114,0.5300847995867098,0.31614654402653286,-0.5398917292215886,-0.7672367821302033,-0.5341867090733172,-0.8306195559774984
pmb0142,4,165.1,95.2,6.02,164.1,[M+H]+,C10945,Caffeic aldehyde,Hydroxycinnamoyl and derivatives,-0.5060750652698751,-0.5828019121148844,-0.5691806726110124,-0.31341429030519763,-0.37078302425168597,-0.3643405461079627,2.9277657853346395,2.4583852348633712,1.5380312143314723,-0.3293670933277505,-0.1784290339605191,-0.4238567727690255,-0.39900721421466423,-0.40698361572594066,-0.4422638531796635,-0.5030072185347688,-0.4855204921446627,-0.4649659190194503,-0.20603965457647605,-0.3781458564159412
pmb0423,2,195.1,145.3,3.22,194.1,[M+H]+,-,Hydroxy-methoxycinnamate,Hydroxycinnamoyl and derivatives,-0.7546176421642311,0.18838324146728302,-0.40251502944745626,2.641420401152871,2.7315319702841783,1.2496972779026803,-0.16872556953456452,-0.47477115802867115,-0.5740607573492783,-0.17623486696217347,-0.0585892072629666,-0.010195957173931316,-0.5106489124050251,-0.535179284001881,-0.095301328020166,-0.24048107828727214,-0.5847406470240999,-0.7375965679949843,-0.6776890618502818,-0.80968582330003
pmb0478,0,455.1,147.4,1.92,454.1,[M+H]+,-,Coumarin O-rutinoside,Hydroxycinnamoyl and derivatives,-0.5109315752863305,-0.4527738551436702,-0.6360334337227002,-0.7009085797422697,-0.4054945574737379,-0.7451314590982299,-0.751825872927601,-0.7178935628299769,-0.8062661013906385,-0.8062661013906385,-0.20968295296463743,-0.3967081393226885,-0.13374319608771065,0.827532789723525,-0.062196648286308574,-0.1322787930625358,0.3526478087025227,1.3254298182829898,2.938365150297054,2.0241592617235833
pmb2620,1,207.1,133.1,5.43,208.1,[M-H]-,-,"3,4-Dimethoxycinnamic acid",Hydroxycinnamoyl and derivatives,-0.5973919614420056,0.905874344960625,-0.41905265693684757,2.711466240883131,1.078333194643527,-0.28422236849509913,-0.4214055443792259,-0.4598168336267814,-0.4406111890030036,1.9628380524868967,1.4859632029849321,-0.5114238378879529,-0.5856334035090804,-0.6165714759370434,-0.5693020730466843,-0.635359038500984,-0.6528583857180504,-0.6453538127439703,-0.6519634288087112,-0.6535090259236723
pmb2795,1,177.0,145.0,5.49,178.0,[M-H]-,-,4-Methoxycinnamic acid,Hydroxycinnamoyl and derivatives,-0.05082824548426492,2.8190456312739696,0.010709563928436321,0.09805355148194786,-0.18326214869040083,-0.36986066755472086,-0.5218618926478448,-0.46287634261170707,-0.1937547705718292,1.9087397869662686,2.158294037119159,-0.4657121863634446,-0.59037587768982,-0.6142820405169662,-0.6317791964651859,-0.6060864520744452,-0.6481136564751933,-0.5368918645320528,-0.5797131051832874,-0.5394441239086165
pmb2940,2,385.1,205.0,3.23,386.1,[M-H]-,-,1-O-beta-D-Glucopyranosyl sinapate,Hydroxycinnamoyl and derivatives,-0.17975763817149043,-0.04186427387058555,0.9779404972778648,1.9303138979714767,1.8537906573429528,0.13921547375532792,2.345509302569806,0.8203480809339733,0.0240517848886382,-0.7142080732146678,-0.634654209194915,-0.7755024313022678,-0.8017930892211766,-0.7595916584983173,-0.7048889062866396,-0.69435749000212,-0.6782194204438273,-0.697312347808568,-0.6880689464653205,-0.7209512102601516
pmb3110,2,167.0,108.0,3.35,168.0,[M-H]-,C06672,Vanillic acid,Hydroxycinnamoyl and derivatives,-0.25747876493223104,0.3006951040993472,0.5237663661457148,1.4725628007162659,3.151050119136269,0.9718917459010851,0.36315505747232996,0.5931663143379182,-0.47361003215937847,-0.6877584437238916,0.3016865319306643,-0.7581498197474121,-0.6500841861338383,-0.2535130536069623,-0.314981579148628,-0.30209301734150457,-0.8280454818552742,-1.0727298706243567,-1.0844287190338995,-0.9951010714322206
pme0388,3,183.058,137.0,3.24,182.0579,[M+H]+,C05582,Homovanillic acid,Hydroxycinnamoyl and derivatives,-0.9404264031573001,-0.9404264031573001,-0.9404264031573001,-0.9013317588063307,-0.9404264031573001,-0.8289729969285334,1.203130813486781,-0.4768751222115927,0.28644707678829084,-0.6595147716526607,-0.2496212072582027,-0.4524766957595416,-0.4475970104691314,0.858067353664916,1.3244258478484066,2.8935932176646055,0.7109796970539796,0.02224697320750926,0.8796773885224471,-0.4004731925217413
pme0423,2,195.058,117.0,4.07,194.0579,[M+H]+,-,3-Hydroxy-4-methoxycinnamic acid,Hydroxycinnamoyl and derivatives,-0.6227292793065308,-0.443526756811933,-0.6657607130520489,2.545845258559735,2.0013891870315614,0.22876805687799148,1.443236107414629,-0.1558895869479924,-0.3533547868942691,-0.6296919250849834,1.595044613731709,-0.2049705325993791,-0.37504171636813766,-0.48461778107821024,-0.23693021813981696,-0.8820592991203693,-0.5736483336551442,-0.8894682390790472,-0.49374911980404956,-0.8028449356737127
pme1424,5,177.063,162.0,4.63,178.063,[M-H]-,C02666,Coniferylaldehyde,Hydroxycinnamoyl and derivatives,1.6300037557656075,3.1335277966542057,1.5435588417104107,0.4313524028395332,0.6312562665921755,0.42672142530086193,-0.5524987752511731,-0.5639990361388735,-0.5792040790575107,-0.49499747081267187,-0.4692955454730464,-0.5907043399452109,-0.591707718411923,-0.597033342581395,-0.5937144753453472,-0.5849156180218719,-0.5738784548880387,-0.583757873637204,-0.44096939952817393,-0.5797443597703557
pmf0094,1,179.1,147.1,5.48,178.18,[M+H]+,-,Methyl p-coumarate,Hydroxycinnamoyl and derivatives,-0.06489055602964308,2.0120312552782225,-0.03523999684757209,-0.05075661072005481,-0.13571391241790595,0.16847317141888474,-0.5207102922638643,-0.47001244495773253,-0.12004366870510157,2.045829820148977,2.7724989648701994,-0.4793838652173509,-0.5709472500490314,-0.609047450448791,-0.6212917487224234,-0.6641590830673627,-0.6641590830673627,-0.6641590830673627,-0.6641590830673627,-0.6641590830673627
pmf0095,1,207.1,133.1,5.68,208.21,[M-H]-,-,Methyl ferulate,Hydroxycinnamoyl and derivatives,-0.6044571179381572,0.9640170746374367,-0.3114876822758964,2.7223295116457584,1.0811552665988653,-0.28359763657079434,-0.42428742268319797,-0.4633334866703408,-0.4426948528485653,1.938309337935668,1.4406269667979583,-0.5199192905120257,-0.5990650424351708,-0.625963442070758,-0.579232121044876,-0.6449162775743585,-0.6630900511345965,-0.6599328979607789,-0.6622050070175546,-0.6622558288786171
pmf0296,4,163.20001,119.0,3.85,164.20001,[M-H]-,C00811,p-Coumaric acid,Hydroxycinnamoyl and derivatives,-0.8674478247316987,-0.6551848986146436,-0.7646538290649487,-0.16123972463155944,-0.84221657124986,-0.9221822899568513,2.388585362686524,1.8706104234826408,-0.047765833311121025,0.9027448798671381,1.4207198190710213,0.4021247711004988,1.2671963190492517,-0.6885595725324195,-0.9292577208274196,-0.8634428638615655,-0.035750950700721686,-0.42957210293047804,-0.635160094263978,-0.4095472985798124
pmf0307,4,179.0,135.0,3.29,180.0,[M-H]-,C01197,Caffeic acid,Hydroxycinnamoyl and derivatives,-0.5843248827485127,-0.5230208844305869,-0.5548813853485054,-0.5605943027544769,-0.5777330549723917,-0.5381820883156653,3.3876908075495007,1.374986059907204,1.7199583801908724,-0.6077917896315037,-0.4599370926131084,-0.34174562058725777,-0.42392374019623363,-0.49687330091864,-0.4636944344454974,-0.5658677649753737,0.29832085647409723,0.1774706805785444,-0.11696429342152957,-0.1428921493409391
pmf0315,2,195.1,145.0,3.21,194.1,[M+H]+,C01494,Ferulic acid,Hydroxycinnamoyl and derivatives,-0.7546612751129779,0.19287907723982417,-0.4055399538930816,2.7398619695726,2.6057185477465916,1.2747370636547721,-0.16077176211965144,-0.4895102517114399,-0.5870691039485366,-0.1848130507066503,-0.05972866515980123,0.037830187077295574,-0.5114609934647867,-0.5388123145384014,-0.08063413349632195,-0.23916726838160418,-0.5915986220881162,-0.7461248755422317,-0.6835826827688074,-0.8175518923586776
pmf0331,1,225.0758,147.1,2.9,224.0758,[M+H]+,C00482,Sinapic acid,Hydroxycinnamoyl and derivatives,-0.6336216028252063,-0.6109370581078098,1.3868151800042385,-0.3980804135095731,-0.4101788373588512,-0.08578984790008183,-0.3183064312533955,-0.5364561362856916,-0.3504428696030405,-0.5115031370965555,3.829184494577257,-0.7686256461048291,-0.756375991957435,-0.1980783442511943,-0.05894646998449606,-0.06197107594681555,-0.2994026439888985,0.17924124954816678,0.2057065517184627,0.3977690303257528
pmf0384,0,341.1,179.2,2.41,342.1,[M-H]-,C00761,Coniferin,Hydroxycinnamoyl and derivatives,-0.7680586602986359,-0.7639802863755154,-0.7595150235790133,-0.6958255924605541,-0.7517821739914944,-0.7627140223243722,-0.12751027572557164,-0.4687408313231287,-0.6201977180693478,-0.40095733752037205,0.07664475753792399,-0.7604311064351695,-0.7194693601059963,-0.4588850710966152,0.25867461478271575,0.2667201333349717,1.3337570313279221,2.1503771643819047,2.2046844146096327,1.7672093433307134
pmf0519,1,177.0,145.0,5.47,178.18,[M-H]-,-,Trans-4-hydroxycinnamic acid methyl ester,Hydroxycinnamoyl and derivatives,-0.07273648927618885,2.7841565166226476,0.025409945653374077,0.08912195341273435,-0.22045519133966657,-0.3645141958294996,-0.5242100899521782,-0.47397242325941896,-0.15890573214655088,1.9341085801988058,2.18196991586838,-0.48112546851699717,-0.5907500458366276,-0.623520974109719,-0.6281787710216304,-0.6122091816093626,-0.6283451209113416,-0.5360209321216679,-0.5729506076375375,-0.5268716881875563
pmf0390,3,353.1,191.0,3.15,354.1,[M-H]-,-,4-Caffeoylquinic acid,Hydroxycinnamoyl and derivatives,-1.2030566677982168,-1.045635381567706,-1.0012694319254853,-0.2061849133372676,-0.6809784095084009,0.3250389573787956,0.01175308490521995,1.0527962015099592,3.43260130731855,-0.2509400379763498,-0.35407141214466975,0.6247037049622159,0.30363433255140854,0.7803737037068498,0.19077358346154885,0.27250033280248165,-0.13029578894925858,-0.8804305953999633,-0.6031434101360841,-0.6381691598536267
pmf0395,1,367.0,191.0,3.67,368.0,[M-H]-,C02572,5-O-Feruloylquinic acid,Hydroxycinnamoyl and derivatives,-0.4466344003051442,-0.34241370444633235,-0.4393662621746691,0.628917895039154,0.025442183599710778,-0.23665128231741966,-0.27145024669969414,0.09548060558428843,-0.14282622645128726,0.9478349863399985,4.045823802802483,-0.4153153323610972,-0.43333150506027474,-0.38928218305739565,-0.3845689056030876,-0.40236483169225074,-0.4634832659712454,-0.4671560984398455,-0.46623194366422505,-0.44242328512166895
pmf0396,1,367.0,191.1,3.44,368.0,[M-H]-,-,4-O-Feruloylquinic acid,Hydroxycinnamoyl and derivatives,-0.4447921659384111,-0.33680182250070445,-0.43756171097821905,0.5996120669889382,0.009513646044234634,-0.2176625839953469,-0.2661766043734095,0.10141039618344931,-0.14209266763721096,0.8972269227697451,4.067431562090065,-0.41316475649963563,-0.43378321516031226,-0.38200382802603394,-0.3724876163364909,-0.40094295521208523,-0.46070383166048523,-0.4648881659180932,-0.4638945614622732,-0.43823810837772087
pmf0449,0,515.0,173.0,3.95,516.0,[M-H]-,-,"3,4-Dicaffeoylquinic acids",Hydroxycinnamoyl and derivatives,-0.4308792626875861,-0.4232573660195668,-0.4308792626875861,-0.4308792626875861,-0.4308792626875861,-0.4308792626875861,-0.4308792626875861,-0.4308792626875861,-0.4308792626875861,-0.4308792626875861,-0.4308792626875861,-0.4308792626875861,-0.4308792626875861,-0.4308792626875861,-0.4308792626875861,-0.4308792626875861,0.08535980700761853,1.7689958568919502,1.72915321879462,3.302937423639169
pma3724,1,369.1,177.1,3.42,368.1,[M+H]+,-,1-O-Feruloyl quinic acid,Hydroxycinnamoyl and derivatives,-0.5953271048042252,-0.4598008804823542,-0.5864377434733471,0.7228209428936425,-0.01997129411825313,-0.290019797736778,-0.08732456796193226,0.5779478633053515,0.06517341055205829,1.7566301555697366,3.548481403109126,-0.48629740424916,-0.5277260217454608,-0.39556110703333563,-0.37452909416328106,-0.42593362108737215,-0.6029456496474866,-0.6113222365256114,-0.6091510465565184,-0.5987062058447977
pma6460,1,337.0,163.1,3.24,338.0,[M-H]-,-,5-O-p-Coumaroylquinic acid,Hydroxycinnamoyl and derivatives,-0.9363112935816457,-0.5585677911216458,-1.043717879823284,-0.34894825715553673,-0.7448962657581872,-0.5754337306361603,-0.7111643867291582,-0.17547002214910165,-0.007881480306465277,2.513978047101896,2.513978047101896,1.1138373540715638,-0.12781705018745748,-0.7253531929874005,-0.8035254840705472,-0.6629759881162596,0.7095902323744697,0.20093491368276212,0.016212718999984038,0.35353150929027444
pmb0749,1,369.1,177.2,2.31,368.1,[M+H]+,-,O-Feruloyl quinic acid,Hydroxycinnamoyl and derivatives,-0.26942397202016616,-0.2655613871143011,-0.2729030378573638,-0.19848207572308393,-0.24505224834698913,-0.2416736279801568,-0.22158453390709967,-0.2313551387517229,-0.20962239152723383,-0.18615467708734434,4.3565373772146865,-0.2859700804112478,-0.2699079365591989,-0.2540740778670712,-0.19108563654164018,-0.15894308602474877,-0.21400546659771902,-0.20852662275961253,-0.2043261758170642,-0.22788520432092213
pmb0752,2,369.1,177.1,2.87,368.1,[M+H]+,-,3-O-Feruloyl quinic acid,Hydroxycinnamoyl and derivatives,-0.5578936958390712,-0.5578936958390712,-0.5578936958390712,2.1167791723542058,2.7299687285146303,1.9357422557735096,-0.13041455346037711,0.3963444747841016,0.3747368428051151,-0.2956837385969486,-0.45435383612912694,-0.5520139671825623,-0.5578936958390712,-0.546057268637004,-0.5578936958390712,-0.5578936958390712,-0.5578936958390712,-0.5578936958390712,-0.5578936958390712,-0.5540048476739019
pmb2938,0,353.1,100.9,3.0,354.1,[M-H]-,-,Criptochlorogenic acid,Hydroxycinnamoyl and derivatives,-0.9106178820782421,-0.902069909918299,-1.0757984145210904,0.21518616957851663,-0.5047697954420606,-0.9142297013007534,-0.19656122178776667,-0.5035658557012236,-0.5276446505179653,-0.2651857870154805,1.5527632216485188,0.405408648630776,-0.2182321371228342,-0.48791463907034144,-0.5469076863713587,-0.911942215793163,-0.05931209133233888,1.879030891415369,2.040358816687539,1.932004240012201
pmb3058,4,369.0,191.0,2.06,370.0,[M-H]-,-,Quinic acid O-glucuronic acid,Hydroxycinnamoyl and derivatives,-0.32940197750047373,-0.34742573073601224,-0.34742573073601224,-0.15328938492771554,-0.21610241134183253,-0.30003840239078533,4.1551005662158,0.9519144029813995,0.2793147396089963,-0.31076664495532036,-0.31872944675516307,-0.3427679363770966,-0.340947470346068,-0.3462543650701998,-0.3466198479451315,-0.33974111282173547,-0.33561392177577193,-0.3383515691659447,-0.33607251245534403,-0.33678124350559185
pmb3064,0,499.2,163.2,2.5,500.2,[M-H]-,-,3-O-p-Coumaroyl quinic acid O-hexoside,Hydroxycinnamoyl and derivatives,-0.6739846850053507,-0.6739846850053507,-0.6739846850053507,-0.4014860637959101,-0.6739846850053507,-0.6739846850053507,-0.34027889049922555,-0.5355330045918167,-0.6739846850053507,-0.37563585445693803,2.451390657659726,-0.6739846850053507,-0.6739846850053507,-0.6739846850053507,-0.45862863180837476,-0.16288182891052969,1.1894922807177997,1.3663621340897136,1.9156790825428704,1.4173822841008428
pmb3066,4,481.1,319.2,2.5,482.1,[M-H]-,-,5-O-p-Coumaroyl shikimic acid O-hexoside,Hydroxycinnamoyl and derivatives,-0.7046358203663564,-1.13452196977362,-0.46290441341942423,1.1960575873535486,0.9553957884019568,0.8366693009191715,0.7874673331335129,1.574698817704053,2.7555460445598636,-0.36877890982946837,-0.10030730299902592,-1.026053022966149,-0.8800515316021834,0.0761780162321414,-0.6586426765667189,-0.7292368042591858,-0.6714779725108038,-0.2671661502721296,-0.8180142678724397,-0.36022204586674506
pmb3074,1,337.1,191.1,3.23,338.1,[M-H]-,-,3-O-p-Coumaroyl quinic acid,Hydroxycinnamoyl and derivatives,-0.8161888077548654,-0.4130583767801486,-0.881897922746838,-0.21550156046441396,-0.5965857959952008,-0.38356801144606073,-0.6127625497949676,0.014981391903943327,0.10946508666364256,2.706335121422649,2.4257471794089964,1.5438993616518037,0.10517037326547442,-0.6651580532526189,-0.7361639814356656,-0.5680975304540188,0.19822249689245097,-0.4703212220890573,-0.3586586737366855,-0.3858585252584171
pme0398,3,353.095,191.01,2.81,354.0951,[M-H]-,C00852,3-Caffeoylquinic acid (Neochlorogenic acid),Hydroxycinnamoyl and derivatives,-1.461640287505924,0.026168016186963537,-1.147146380999311,-0.3666176223191857,-0.5152392152674585,-0.8867931976381404,-0.6346672810294635,0.6339241730647219,0.9232054879104666,1.1116364361127413,0.904627788791933,1.0850968659434068,1.8945537561081063,1.400917750958486,0.47999466608258207,0.3552586862867102,-0.15960897499837728,-1.225703508700541,-0.9717198221800106,-1.4462473368077098
pme1816,2,353.0,191.0,2.35,354.095,[M-H]-,C17147,Chlorogenic acid (5-Caffeoylquinic acid),Hydroxycinnamoyl and derivatives,-0.6407991075529472,-0.6380204142686222,-0.6273508836312044,0.891170381362927,2.327348932811795,2.0124213109439903,0.015617294704590499,1.1273660977637805,1.8726043064078532,-0.46138945669345516,-0.346549470443385,-0.6440981101366771,-0.6440981101366771,-0.6434966255278425,-0.6432875787443613,-0.6417969665824085,-0.6344774785226095,-0.580831187073404,-0.5855958248008005,-0.5147371098805444
pmb2723,3,485.1,323.2,3.48,486.1,[M-H]-,-,4-Hydroxycoumarin di-glucoside,Hydroxycinnamoyl and derivatives,-0.48471916384368835,-0.48471916384368835,-0.48471916384368835,-0.48471916384368835,-0.29789276249230195,-0.48471916384368835,-0.48471916384368835,-0.48471916384368835,3.3171009396799556,-0.48471916384368835,-0.48471916384368835,-0.4548081769284465,-0.45466710400348365,-0.48471916384368835,-0.48471916384368835,-0.48471916384368835,-0.285485398741822,1.502197760033279,0.9012270996916665,1.5889576088854132
pmb3093,2,351.1,105.1,2.36,352.1,[M-H]-,-,"6,7-Hihydroxycoumarin 7-O-quinic acid",Hydroxycinnamoyl and derivatives,-0.5931411384217959,-0.5917506011389144,-0.5621555744074219,1.4860374561976135,2.0890871571194176,2.9035151037251534,-0.17120943667924884,0.08120105669626931,0.9368684845677917,-0.25368839921082204,-0.15628861933685367,-0.5954911671532231,-0.5955947839403231,-0.5950932786907593,-0.5949171301526893,-0.5947720666507494,-0.5891581091256732,-0.5409141330519289,-0.5562286941853039,-0.5063061261605402
pmb3094,2,703.4,351.1,2.33,704.4,[M-H]-,-,Esculetin O-quinacyl esculetin O-quinic acid,Hydroxycinnamoyl and derivatives,-0.47232055594322747,-0.4733714955177887,-0.46839604062045254,1.1783314524539876,2.0509657507970345,3.3608168212995873,-0.3080256482907362,-0.263404348086803,0.2859054483753253,-0.3402321512605105,-0.3553458174586168,-0.47091678423277955,-0.4709995495476739,-0.46865693128696745,-0.4660210359321787,-0.46240095302853695,-0.4672247314900993,-0.46256288516637384,-0.4666903554352377,-0.4594501896279543
pme2996,0,161.0,116.6,4.65,162.032,[M-H]-,C20414,4-Hydroxycoumarin,Hydroxycinnamoyl and derivatives,-0.5566253838979734,-0.2308500186545984,-0.5566253838979734,-0.5566253838979734,-0.5566253838979734,-0.5566253838979734,-0.5566253838979734,-0.5566253838979734,-0.4287854323984963,-0.2617151493620838,-0.3276526147236309,-0.5566253838979734,-0.5566253838979734,-0.5566253838979734,-0.5566253838979734,-0.5566253838979734,1.648749098893189,2.0350245489589684,2.137129206141961,2.107604967920373
pme3416,3,177.0,133.2,3.04,178.027,[M-H]-,C09263,"Esculetin (6,7-dihydroxycoumarin)",Hydroxycinnamoyl and derivatives,-0.5248123031794233,-0.5248123031794233,-0.5248123031794233,-0.5248123031794233,-0.4372976387965499,-0.22558767656650108,0.17561626456171528,0.33816778547405785,4.112772390929204,-0.5248123031794233,-0.11995962833319984,-0.5248123031794233,-0.5248123031794233,-0.5248123031794233,-0.3239100384666634,-0.3178219665223809,0.3062054077665748,0.2270604724909024,0.12812930339631182,0.3351237495019166
pme3428,2,339.1,177.0,2.71,340.079,[M-H]-,C09264,"6,7-Dihydroxycoumarin-6-glucoside",Hydroxycinnamoyl and derivatives,-0.048742781090592324,0.37528957508360683,0.11877617443501734,-0.19218088675939546,0.11877617443501734,3.324670185806369,0.1428570242918236,0.25174434538346985,1.9311218745277055,-0.1858989259271851,0.5124457199201997,-0.8731454409709981,-0.8440390224484237,-0.8006934927061721,-0.7414336621889877,-0.6246938900570785,-0.7834181004175935,-0.5816624583564376,-0.6374672104159063,-0.46230520254444085
pmf0279,1,147.03678,91.0542,2.92,146.03678,[M+H]+,C05851,Coumarin,Hydroxycinnamoyl and derivatives,-0.3647025408033585,-0.30681362988687283,-0.02961942574735211,-0.37969120487468094,-0.2707831874077324,-0.04835525583650516,-0.2674203461096793,-0.22581719519376506,-0.20967555696311013,0.4935425990497675,4.275297841660351,-0.465347576795091,-0.38732965868025876,-0.2775088700038386,-0.3403459616874596,-0.27702846410411675,-0.26890960439881706,-0.2650183166110699,-0.11705329949673303,-0.2674203461096793
pmf0518,4,193.1,133.0,4.21,192.042,[M+H]+,C01752,Scopoletin (7-hydroxy-5-methoxycoumarin),Hydroxycinnamoyl and derivatives,-0.9945953273171808,0.004244273700438529,-0.07108139095489951,-0.7765078779665889,-0.493560118804404,0.7132880301300333,3.226872709389682,0.49107731939678595,1.3601209751265637,-0.9945953273171808,-0.9945953273171808,-0.9945953273171808,-0.9945953273171808,-0.06451659552874187,0.8999646773193491,-0.1753910613580524,0.26460907109606335,-0.14476954116120844,0.20074600758392896,-0.46211984138304546
