,Gene1,Gene2,Direction
0,Solyc01g005680.3,Solyc05g005150.1,+
1,Solyc01g007780.3,Solyc05g005150.1,+
2,Solyc01g073725.1,Solyc05g005150.1,+
3,Solyc01g080540.3,Solyc05g005150.1,+
4,Solyc01g087830.1,Solyc05g005150.1,+
5,Solyc01g090910.3,Solyc05g005150.1,+
6,Solyc01g092950.3,Solyc05g005150.1,+
7,Solyc01g100210.3,Solyc05g005150.1,+
8,Solyc01g103650.3,Solyc05g005150.1,+
9,Solyc01g106350.3,Solyc05g005150.1,+
10,Solyc02g031750.3,Solyc05g005150.1,+
11,Solyc02g067600.1,Solyc05g005150.1,+
12,Solyc02g067610.1,Solyc05g005150.1,+
13,Solyc02g069350.3,Solyc05g005150.1,+
14,Solyc02g069370.3,Solyc05g005150.1,+
15,Solyc02g079230.3,Solyc05g005150.1,+
16,Solyc02g079360.2,Solyc05g005150.1,+
17,Solyc02g079760.3,Solyc05g005150.1,+
18,Solyc02g083570.3,Solyc05g005150.1,+
19,Solyc02g086950.1,Solyc05g005150.1,+
20,Solyc02g093230.3,Solyc05g005150.1,+
21,Solyc02g093250.3,Solyc05g005150.1,+
22,Solyc03g034020.3,Solyc05g005150.1,+
23,Solyc03g077925.1,Solyc05g005150.1,+
24,Solyc03g093800.1,Solyc05g005150.1,+
25,Solyc03g113960.3,Solyc05g005150.1,+
26,Solyc03g115940.3,Solyc05g005150.1,+
27,Solyc03g118880.3,Solyc05g005150.1,+
28,Solyc04g007075.1,Solyc05g005150.1,+
29,Solyc04g009430.3,Solyc05g005150.1,-
30,Solyc04g009515.1,Solyc05g005150.1,+
31,Solyc04g016270.2,Solyc05g005150.1,+
32,Solyc04g049080.3,Solyc05g005150.1,+
33,Solyc04g076280.3,Solyc05g005150.1,+
34,Solyc04g077010.3,Solyc05g005150.1,+
35,Solyc04g077230.1,Solyc05g005150.1,+
36,Solyc04g078630.3,Solyc05g005150.1,+
37,Solyc04g078930.3,Solyc05g005150.1,+
38,Solyc04g079080.2,Solyc05g005150.1,+
39,Solyc04g080310.1,Solyc05g005150.1,+
40,Solyc05g005740.3,Solyc05g005150.1,+
41,Solyc05g007470.3,Solyc05g005150.1,+
42,Solyc05g008770.3,Solyc05g005150.1,+
43,Solyc05g008990.3,Solyc05g005150.1,+
44,Solyc05g009640.3,Solyc05g005150.1,+
45,Solyc05g013750.3,Solyc05g005150.1,+
46,Solyc05g014240.3,Solyc05g005150.1,+
47,Solyc05g052050.1,Solyc05g005150.1,+
48,Solyc05g053510.2,Solyc05g005150.1,+
49,Solyc05g056440.2,Solyc05g005150.1,+
50,Solyc06g010010.2,Solyc05g005150.1,+
51,Solyc06g075190.1,Solyc05g005150.1,+
52,Solyc06g076070.1,Solyc05g005150.1,+
53,Solyc06g083330.2,Solyc05g005150.1,+
54,Solyc07g006670.1,Solyc05g005150.1,+
55,Solyc07g055235.1,Solyc05g005150.1,+
56,Solyc08g062370.3,Solyc05g005150.1,+
57,Solyc08g075450.3,Solyc05g005150.1,+
58,Solyc08g075470.3,Solyc05g005150.1,+
59,Solyc08g076493.1,Solyc05g005150.1,+
60,Solyc08g076497.1,Solyc05g005150.1,+
61,Solyc08g080100.3,Solyc05g005150.1,+
62,Solyc08g081700.1,Solyc05g005150.1,+
63,Solyc09g010680.3,Solyc05g005150.1,+
64,Solyc09g011640.4,Solyc05g005150.1,+
65,Solyc09g018630.3,Solyc05g005150.1,+
66,Solyc09g064742.1,Solyc05g005150.1,+
67,Solyc10g050510.1,Solyc05g005150.1,+
68,Solyc10g076500.2,Solyc05g005150.1,+
69,Solyc10g078600.2,Solyc05g005150.1,+
70,Solyc10g085860.1,Solyc05g005150.1,+
71,Solyc11g069040.3,Solyc05g005150.1,+
72,Solyc11g071450.2,Solyc05g005150.1,+
73,Solyc12g010710.1,Solyc05g005150.1,+
74,Solyc12g013570.2,Solyc05g005150.1,+
75,Solyc12g049360.2,Solyc05g005150.1,+
76,Solyc12g056460.2,Solyc05g005150.1,+
77,Solyc12g088400.1,Solyc05g005150.1,+
78,Solyc12g088880.2,Solyc05g005150.1,+
79,Solyc12g094390.1,Solyc05g005150.1,+
80,Solyc12g098910.2,Solyc05g005150.1,+
81,Solyc01g005680.3,Solyc01g007780.3,+
82,Solyc01g005680.3,Solyc01g073725.1,+
83,Solyc01g005680.3,Solyc01g080540.3,+
84,Solyc01g005680.3,Solyc01g087830.1,+
85,Solyc01g005680.3,Solyc01g090910.3,+
86,Solyc01g005680.3,Solyc01g100210.3,+
87,Solyc01g005680.3,Solyc02g031750.3,+
88,Solyc01g005680.3,Solyc02g067610.1,+
89,Solyc01g005680.3,Solyc02g069370.3,+
90,Solyc01g005680.3,Solyc02g079360.2,+
91,Solyc01g005680.3,Solyc02g079760.3,+
92,Solyc01g005680.3,Solyc02g083570.3,+
93,Solyc01g005680.3,Solyc02g086950.1,+
94,Solyc01g005680.3,Solyc02g093250.3,+
95,Solyc01g005680.3,Solyc03g093800.1,+
96,Solyc01g005680.3,Solyc03g113960.3,+
97,Solyc01g005680.3,Solyc03g118880.3,+
98,Solyc01g005680.3,Solyc04g009515.1,+
99,Solyc01g005680.3,Solyc04g049080.3,+
100,Solyc01g005680.3,Solyc04g077010.3,+
101,Solyc01g005680.3,Solyc04g078630.3,+
102,Solyc01g005680.3,Solyc04g078930.3,+
103,Solyc01g005680.3,Solyc04g079080.2,+
104,Solyc01g005680.3,Solyc04g080310.1,+
105,Solyc01g005680.3,Solyc05g007470.3,+
106,Solyc01g005680.3,Solyc05g009640.3,+
107,Solyc01g005680.3,Solyc05g056440.2,+
108,Solyc01g005680.3,Solyc06g010010.2,+
109,Solyc01g005680.3,Solyc06g075190.1,+
110,Solyc01g005680.3,Solyc06g076070.1,+
111,Solyc01g005680.3,Solyc08g062370.3,+
112,Solyc01g005680.3,Solyc08g080100.3,+
113,Solyc01g005680.3,Solyc09g010680.3,+
114,Solyc01g005680.3,Solyc09g011640.4,+
115,Solyc01g005680.3,Solyc09g018630.3,+
116,Solyc01g005680.3,Solyc09g064742.1,+
117,Solyc01g005680.3,Solyc10g085860.1,+
118,Solyc01g005680.3,Solyc11g071450.2,+
119,Solyc01g005680.3,Solyc12g010710.1,+
120,Solyc01g005680.3,Solyc12g013570.2,+
121,Solyc01g005680.3,Solyc12g049360.2,+
122,Solyc01g005680.3,Solyc12g056460.2,+
123,Solyc01g005680.3,Solyc12g094390.1,+
124,Solyc01g005680.3,Solyc12g098910.2,+
125,Solyc01g007780.3,Solyc06g010010.2,+
126,Solyc01g007780.3,Solyc06g076070.1,+
127,Solyc01g007780.3,Solyc12g010710.1,+
128,Solyc01g073725.1,Solyc01g080540.3,+
129,Solyc01g073725.1,Solyc01g087830.1,+
130,Solyc01g073725.1,Solyc01g100210.3,+
131,Solyc01g073725.1,Solyc02g031750.3,+
132,Solyc01g073725.1,Solyc02g069370.3,+
133,Solyc01g073725.1,Solyc02g079760.3,+
134,Solyc01g073725.1,Solyc02g083570.3,+
135,Solyc01g073725.1,Solyc02g086950.1,+
136,Solyc01g073725.1,Solyc02g093250.3,+
137,Solyc01g073725.1,Solyc03g093800.1,+
138,Solyc01g073725.1,Solyc03g118880.3,+
139,Solyc01g073725.1,Solyc04g016270.2,+
140,Solyc01g073725.1,Solyc04g079080.2,+
141,Solyc01g073725.1,Solyc04g080310.1,+
142,Solyc01g073725.1,Solyc05g056440.2,+
143,Solyc01g073725.1,Solyc06g010010.2,+
144,Solyc01g073725.1,Solyc07g055235.1,+
145,Solyc01g073725.1,Solyc08g062370.3,+
146,Solyc01g073725.1,Solyc08g080100.3,+
147,Solyc01g073725.1,Solyc08g081700.1,+
148,Solyc01g073725.1,Solyc09g011640.4,+
149,Solyc01g073725.1,Solyc09g018630.3,+
150,Solyc01g073725.1,Solyc09g064742.1,+
151,Solyc01g073725.1,Solyc12g010710.1,+
152,Solyc01g073725.1,Solyc12g013570.2,+
153,Solyc01g073725.1,Solyc12g049360.2,+
154,Solyc01g073725.1,Solyc12g098910.2,+
155,Solyc01g080540.3,Solyc01g087830.1,+
156,Solyc01g080540.3,Solyc01g090910.3,+
157,Solyc01g080540.3,Solyc01g092950.3,+
158,Solyc01g080540.3,Solyc01g100210.3,+
159,Solyc01g080540.3,Solyc01g106350.3,+
160,Solyc01g080540.3,Solyc02g031750.3,+
161,Solyc01g080540.3,Solyc02g069350.3,+
162,Solyc01g080540.3,Solyc02g069370.3,+
163,Solyc01g080540.3,Solyc02g079230.3,+
164,Solyc01g080540.3,Solyc02g079760.3,+
165,Solyc01g080540.3,Solyc02g083570.3,+
166,Solyc01g080540.3,Solyc03g093800.1,+
167,Solyc01g080540.3,Solyc03g118880.3,+
168,Solyc01g080540.3,Solyc04g009515.1,+
169,Solyc01g080540.3,Solyc04g016270.2,+
170,Solyc01g080540.3,Solyc04g076280.3,+
171,Solyc01g080540.3,Solyc04g077010.3,+
172,Solyc01g080540.3,Solyc04g078930.3,+
173,Solyc01g080540.3,Solyc04g080310.1,+
174,Solyc01g080540.3,Solyc05g008770.3,+
175,Solyc01g080540.3,Solyc05g014240.3,+
176,Solyc01g080540.3,Solyc06g075190.1,+
177,Solyc01g080540.3,Solyc08g062370.3,+
178,Solyc01g080540.3,Solyc08g075450.3,+
179,Solyc01g080540.3,Solyc08g075470.3,+
180,Solyc01g080540.3,Solyc08g080100.3,+
181,Solyc01g080540.3,Solyc09g010680.3,+
182,Solyc01g080540.3,Solyc09g011640.4,+
183,Solyc01g080540.3,Solyc09g018630.3,+
184,Solyc01g080540.3,Solyc09g064742.1,+
185,Solyc01g080540.3,Solyc10g078600.2,+
186,Solyc01g080540.3,Solyc11g069040.3,+
187,Solyc01g080540.3,Solyc11g071450.2,+
188,Solyc01g080540.3,Solyc12g056460.2,+
189,Solyc01g080540.3,Solyc12g088880.2,+
190,Solyc01g080540.3,Solyc12g098910.2,+
191,Solyc01g087830.1,Solyc01g090910.3,+
192,Solyc01g087830.1,Solyc01g100210.3,+
193,Solyc01g087830.1,Solyc01g106350.3,+
194,Solyc01g087830.1,Solyc02g031750.3,+
195,Solyc01g087830.1,Solyc02g069370.3,+
196,Solyc01g087830.1,Solyc02g079360.2,+
197,Solyc01g087830.1,Solyc02g079760.3,+
198,Solyc01g087830.1,Solyc02g083570.3,+
199,Solyc01g087830.1,Solyc02g086950.1,+
200,Solyc01g087830.1,Solyc02g093250.3,+
201,Solyc01g087830.1,Solyc03g113960.3,+
202,Solyc01g087830.1,Solyc04g080310.1,+
203,Solyc01g087830.1,Solyc05g007470.3,+
204,Solyc01g087830.1,Solyc05g009640.3,+
205,Solyc01g087830.1,Solyc06g010010.2,+
206,Solyc01g087830.1,Solyc06g075190.1,+
207,Solyc01g087830.1,Solyc06g076070.1,+
208,Solyc01g087830.1,Solyc08g062370.3,+
209,Solyc01g087830.1,Solyc09g011640.4,+
210,Solyc01g087830.1,Solyc09g064742.1,+
211,Solyc01g087830.1,Solyc11g069040.3,+
212,Solyc01g087830.1,Solyc11g071450.2,+
213,Solyc01g087830.1,Solyc12g013570.2,+
214,Solyc01g087830.1,Solyc12g049360.2,+
215,Solyc01g090910.3,Solyc01g106350.3,+
216,Solyc01g090910.3,Solyc02g031750.3,+
217,Solyc01g090910.3,Solyc02g069370.3,+
218,Solyc01g090910.3,Solyc02g079230.3,+
219,Solyc01g090910.3,Solyc02g079360.2,+
220,Solyc01g090910.3,Solyc02g079760.3,+
221,Solyc01g090910.3,Solyc03g034020.3,+
222,Solyc01g090910.3,Solyc03g077925.1,+
223,Solyc01g090910.3,Solyc03g093800.1,+
224,Solyc01g090910.3,Solyc03g113960.3,+
225,Solyc01g090910.3,Solyc03g115940.3,+
226,Solyc01g090910.3,Solyc04g007075.1,+
227,Solyc01g090910.3,Solyc04g009430.3,-
228,Solyc01g090910.3,Solyc04g049080.3,+
229,Solyc01g090910.3,Solyc04g078630.3,+
230,Solyc01g090910.3,Solyc04g078930.3,+
231,Solyc01g090910.3,Solyc04g080310.1,+
232,Solyc01g090910.3,Solyc05g005740.3,+
233,Solyc01g090910.3,Solyc05g007470.3,+
234,Solyc01g090910.3,Solyc06g075190.1,+
235,Solyc01g090910.3,Solyc08g075470.3,+
236,Solyc01g090910.3,Solyc08g081700.1,+
237,Solyc01g090910.3,Solyc09g011640.4,+
238,Solyc01g090910.3,Solyc09g064742.1,+
239,Solyc01g090910.3,Solyc11g069040.3,+
240,Solyc01g090910.3,Solyc11g071450.2,+
241,Solyc01g090910.3,Solyc12g010710.1,+
242,Solyc01g090910.3,Solyc12g013570.2,+
243,Solyc01g090910.3,Solyc12g049360.2,+
244,Solyc01g090910.3,Solyc12g088880.2,+
245,Solyc01g090910.3,Solyc12g094390.1,+
246,Solyc01g090910.3,Solyc12g098910.2,+
247,Solyc01g092950.3,Solyc02g031750.3,+
248,Solyc01g092950.3,Solyc02g069350.3,+
249,Solyc01g092950.3,Solyc04g076280.3,+
250,Solyc01g092950.3,Solyc04g077010.3,+
251,Solyc01g092950.3,Solyc04g078930.3,+
252,Solyc01g092950.3,Solyc05g008770.3,+
253,Solyc01g092950.3,Solyc05g008990.3,+
254,Solyc01g092950.3,Solyc06g083330.2,+
255,Solyc01g092950.3,Solyc08g075450.3,+
256,Solyc01g092950.3,Solyc08g076493.1,+
257,Solyc01g092950.3,Solyc08g076497.1,+
258,Solyc01g092950.3,Solyc08g080100.3,+
259,Solyc01g092950.3,Solyc09g010680.3,+
260,Solyc01g092950.3,Solyc09g011640.4,+
261,Solyc01g092950.3,Solyc09g018630.3,+
262,Solyc01g092950.3,Solyc10g078600.2,+
263,Solyc01g092950.3,Solyc11g071450.2,+
264,Solyc01g092950.3,Solyc12g056460.2,+
265,Solyc01g092950.3,Solyc12g088880.2,+
266,Solyc01g100210.3,Solyc02g031750.3,+
267,Solyc01g100210.3,Solyc02g067610.1,+
268,Solyc01g100210.3,Solyc02g069370.3,+
269,Solyc01g100210.3,Solyc02g079360.2,+
270,Solyc01g100210.3,Solyc02g079760.3,+
271,Solyc01g100210.3,Solyc02g083570.3,+
272,Solyc01g100210.3,Solyc02g086950.1,+
273,Solyc01g100210.3,Solyc02g093250.3,+
274,Solyc01g100210.3,Solyc03g093800.1,+
275,Solyc01g100210.3,Solyc03g118880.3,+
276,Solyc01g100210.3,Solyc04g009515.1,+
277,Solyc01g100210.3,Solyc04g049080.3,+
278,Solyc01g100210.3,Solyc04g079080.2,+
279,Solyc01g100210.3,Solyc04g080310.1,+
280,Solyc01g100210.3,Solyc06g010010.2,+
281,Solyc01g100210.3,Solyc06g075190.1,+
282,Solyc01g100210.3,Solyc06g076070.1,+
283,Solyc01g100210.3,Solyc07g006670.1,+
284,Solyc01g100210.3,Solyc07g055235.1,+
285,Solyc01g100210.3,Solyc08g062370.3,+
286,Solyc01g100210.3,Solyc08g080100.3,+
287,Solyc01g100210.3,Solyc09g064742.1,+
288,Solyc01g100210.3,Solyc12g013570.2,+
289,Solyc01g100210.3,Solyc12g049360.2,+
290,Solyc01g100210.3,Solyc12g094390.1,+
291,Solyc01g103650.3,Solyc03g034020.3,+
292,Solyc01g103650.3,Solyc04g080310.1,+
293,Solyc01g103650.3,Solyc08g081700.1,+
294,Solyc01g103650.3,Solyc12g013570.2,+
295,Solyc01g106350.3,Solyc02g031750.3,+
296,Solyc01g106350.3,Solyc02g069370.3,+
297,Solyc01g106350.3,Solyc02g079230.3,+
298,Solyc01g106350.3,Solyc03g034020.3,+
299,Solyc01g106350.3,Solyc03g077925.1,+
300,Solyc01g106350.3,Solyc04g080310.1,+
301,Solyc01g106350.3,Solyc05g008770.3,+
302,Solyc01g106350.3,Solyc05g014240.3,+
303,Solyc01g106350.3,Solyc06g075190.1,+
304,Solyc01g106350.3,Solyc08g075450.3,+
305,Solyc01g106350.3,Solyc08g075470.3,+
306,Solyc01g106350.3,Solyc09g011640.4,+
307,Solyc01g106350.3,Solyc09g064742.1,+
308,Solyc01g106350.3,Solyc11g069040.3,+
309,Solyc01g106350.3,Solyc12g088880.2,+
310,Solyc02g031750.3,Solyc02g067600.1,+
311,Solyc02g031750.3,Solyc02g067610.1,+
312,Solyc02g031750.3,Solyc02g069350.3,+
313,Solyc02g031750.3,Solyc02g069370.3,+
314,Solyc02g031750.3,Solyc02g079230.3,+
315,Solyc02g031750.3,Solyc02g079760.3,+
316,Solyc02g031750.3,Solyc02g083570.3,+
317,Solyc02g031750.3,Solyc02g086950.1,+
318,Solyc02g031750.3,Solyc02g093250.3,+
319,Solyc02g031750.3,Solyc03g034020.3,+
320,Solyc02g031750.3,Solyc03g077925.1,+
321,Solyc02g031750.3,Solyc03g093800.1,+
322,Solyc02g031750.3,Solyc03g113960.3,+
323,Solyc02g031750.3,Solyc03g118880.3,+
324,Solyc02g031750.3,Solyc04g007075.1,+
325,Solyc02g031750.3,Solyc04g009515.1,+
326,Solyc02g031750.3,Solyc04g049080.3,+
327,Solyc02g031750.3,Solyc04g076280.3,+
328,Solyc02g031750.3,Solyc04g077010.3,+
329,Solyc02g031750.3,Solyc04g077230.1,+
330,Solyc02g031750.3,Solyc04g078930.3,+
331,Solyc02g031750.3,Solyc04g079080.2,+
332,Solyc02g031750.3,Solyc04g080310.1,+
333,Solyc02g031750.3,Solyc05g005740.3,+
334,Solyc02g031750.3,Solyc05g008770.3,+
335,Solyc02g031750.3,Solyc05g008990.3,+
336,Solyc02g031750.3,Solyc05g009640.3,+
337,Solyc02g031750.3,Solyc05g014240.3,+
338,Solyc02g031750.3,Solyc05g052050.1,+
339,Solyc02g031750.3,Solyc05g053510.2,+
340,Solyc02g031750.3,Solyc05g056440.2,+
341,Solyc02g031750.3,Solyc06g010010.2,+
342,Solyc02g031750.3,Solyc06g075190.1,+
343,Solyc02g031750.3,Solyc06g076070.1,+
344,Solyc02g031750.3,Solyc07g006670.1,+
345,Solyc02g031750.3,Solyc08g062370.3,+
346,Solyc02g031750.3,Solyc08g075450.3,+
347,Solyc02g031750.3,Solyc08g075470.3,+
348,Solyc02g031750.3,Solyc08g076493.1,+
349,Solyc02g031750.3,Solyc08g080100.3,+
350,Solyc02g031750.3,Solyc09g010680.3,+
351,Solyc02g031750.3,Solyc09g011640.4,+
352,Solyc02g031750.3,Solyc09g018630.3,+
353,Solyc02g031750.3,Solyc09g064742.1,+
354,Solyc02g031750.3,Solyc10g078600.2,+
355,Solyc02g031750.3,Solyc10g085860.1,+
356,Solyc02g031750.3,Solyc11g071450.2,+
357,Solyc02g031750.3,Solyc12g013570.2,+
358,Solyc02g031750.3,Solyc12g049360.2,+
359,Solyc02g031750.3,Solyc12g056460.2,+
360,Solyc02g031750.3,Solyc12g088400.1,+
361,Solyc02g031750.3,Solyc12g088880.2,+
362,Solyc02g031750.3,Solyc12g094390.1,+
363,Solyc02g031750.3,Solyc12g098910.2,+
364,Solyc02g067600.1,Solyc02g067610.1,+
365,Solyc02g067600.1,Solyc02g093230.3,+
366,Solyc02g067600.1,Solyc02g093250.3,+
367,Solyc02g067600.1,Solyc04g009515.1,+
368,Solyc02g067600.1,Solyc04g077230.1,+
369,Solyc02g067600.1,Solyc04g079080.2,+
370,Solyc02g067600.1,Solyc05g053510.2,+
371,Solyc02g067600.1,Solyc06g010010.2,+
372,Solyc02g067600.1,Solyc06g076070.1,+
373,Solyc02g067610.1,Solyc02g079230.3,+
374,Solyc02g067610.1,Solyc02g079360.2,+
375,Solyc02g067610.1,Solyc02g079760.3,+
376,Solyc02g067610.1,Solyc02g086950.1,+
377,Solyc02g067610.1,Solyc02g093250.3,+
378,Solyc02g067610.1,Solyc03g077925.1,+
379,Solyc02g067610.1,Solyc03g113960.3,+
380,Solyc02g067610.1,Solyc04g049080.3,+
381,Solyc02g067610.1,Solyc04g078630.3,+
382,Solyc02g067610.1,Solyc05g005740.3,+
383,Solyc02g067610.1,Solyc05g007470.3,+
384,Solyc02g067610.1,Solyc06g010010.2,+
385,Solyc02g067610.1,Solyc06g075190.1,+
386,Solyc02g067610.1,Solyc06g076070.1,+
387,Solyc02g067610.1,Solyc07g006670.1,+
388,Solyc02g067610.1,Solyc09g064742.1,+
389,Solyc02g067610.1,Solyc10g050510.1,+
390,Solyc02g067610.1,Solyc10g085860.1,+
391,Solyc02g067610.1,Solyc12g049360.2,+
392,Solyc02g067610.1,Solyc12g094390.1,+
393,Solyc02g069350.3,Solyc04g076280.3,+
394,Solyc02g069350.3,Solyc05g008770.3,+
395,Solyc02g069350.3,Solyc05g008990.3,+
396,Solyc02g069350.3,Solyc08g075450.3,+
397,Solyc02g069350.3,Solyc08g075470.3,+
398,Solyc02g069350.3,Solyc09g018630.3,+
399,Solyc02g069350.3,Solyc10g078600.2,+
400,Solyc02g069350.3,Solyc12g088880.2,+
401,Solyc02g069370.3,Solyc02g079230.3,+
402,Solyc02g069370.3,Solyc02g079360.2,+
403,Solyc02g069370.3,Solyc02g079760.3,+
404,Solyc02g069370.3,Solyc02g083570.3,+
405,Solyc02g069370.3,Solyc02g086950.1,+
406,Solyc02g069370.3,Solyc02g093250.3,+
407,Solyc02g069370.3,Solyc03g093800.1,+
408,Solyc02g069370.3,Solyc03g113960.3,+
409,Solyc02g069370.3,Solyc03g118880.3,+
410,Solyc02g069370.3,Solyc04g007075.1,+
411,Solyc02g069370.3,Solyc04g049080.3,+
412,Solyc02g069370.3,Solyc04g078930.3,+
413,Solyc02g069370.3,Solyc04g080310.1,+
414,Solyc02g069370.3,Solyc05g007470.3,+
415,Solyc02g069370.3,Solyc05g009640.3,+
416,Solyc02g069370.3,Solyc05g056440.2,+
417,Solyc02g069370.3,Solyc06g010010.2,+
418,Solyc02g069370.3,Solyc06g075190.1,+
419,Solyc02g069370.3,Solyc06g076070.1,+
420,Solyc02g069370.3,Solyc07g055235.1,+
421,Solyc02g069370.3,Solyc08g062370.3,+
422,Solyc02g069370.3,Solyc08g081700.1,+
423,Solyc02g069370.3,Solyc09g011640.4,+
424,Solyc02g069370.3,Solyc09g018630.3,+
425,Solyc02g069370.3,Solyc09g064742.1,+
426,Solyc02g069370.3,Solyc11g071450.2,+
427,Solyc02g069370.3,Solyc12g010710.1,+
428,Solyc02g069370.3,Solyc12g013570.2,+
429,Solyc02g069370.3,Solyc12g049360.2,+
430,Solyc02g069370.3,Solyc12g094390.1,+
431,Solyc02g069370.3,Solyc12g098910.2,+
432,Solyc02g079230.3,Solyc02g079360.2,+
433,Solyc02g079230.3,Solyc02g079760.3,+
434,Solyc02g079230.3,Solyc03g077925.1,+
435,Solyc02g079230.3,Solyc03g113960.3,+
436,Solyc02g079230.3,Solyc03g115940.3,+
437,Solyc02g079230.3,Solyc03g118880.3,+
438,Solyc02g079230.3,Solyc04g007075.1,+
439,Solyc02g079230.3,Solyc04g049080.3,+
440,Solyc02g079230.3,Solyc04g076280.3,+
441,Solyc02g079230.3,Solyc04g077010.3,+
442,Solyc02g079230.3,Solyc04g078930.3,+
443,Solyc02g079230.3,Solyc04g080310.1,+
444,Solyc02g079230.3,Solyc05g005740.3,+
445,Solyc02g079230.3,Solyc05g014240.3,+
446,Solyc02g079230.3,Solyc06g075190.1,+
447,Solyc02g079230.3,Solyc09g011640.4,+
448,Solyc02g079230.3,Solyc09g064742.1,+
449,Solyc02g079230.3,Solyc10g050510.1,+
450,Solyc02g079230.3,Solyc11g071450.2,+
451,Solyc02g079230.3,Solyc12g088880.2,+
452,Solyc02g079230.3,Solyc12g094390.1,+
453,Solyc02g079230.3,Solyc12g098910.2,+
454,Solyc02g079360.2,Solyc02g079760.3,+
455,Solyc02g079360.2,Solyc02g083570.3,+
456,Solyc02g079360.2,Solyc02g086950.1,+
457,Solyc02g079360.2,Solyc02g093250.3,+
458,Solyc02g079360.2,Solyc03g093800.1,+
459,Solyc02g079360.2,Solyc03g113960.3,+
460,Solyc02g079360.2,Solyc03g118880.3,+
461,Solyc02g079360.2,Solyc04g049080.3,+
462,Solyc02g079360.2,Solyc04g078630.3,+
463,Solyc02g079360.2,Solyc04g078930.3,+
464,Solyc02g079360.2,Solyc04g080310.1,+
465,Solyc02g079360.2,Solyc05g005740.3,+
466,Solyc02g079360.2,Solyc05g007470.3,+
467,Solyc02g079360.2,Solyc05g056440.2,+
468,Solyc02g079360.2,Solyc06g010010.2,+
469,Solyc02g079360.2,Solyc06g075190.1,+
470,Solyc02g079360.2,Solyc06g076070.1,+
471,Solyc02g079360.2,Solyc07g006670.1,+
472,Solyc02g079360.2,Solyc09g010680.3,+
473,Solyc02g079360.2,Solyc09g064742.1,+
474,Solyc02g079360.2,Solyc10g050510.1,+
475,Solyc02g079360.2,Solyc10g085860.1,+
476,Solyc02g079360.2,Solyc12g010710.1,+
477,Solyc02g079360.2,Solyc12g049360.2,+
478,Solyc02g079360.2,Solyc12g094390.1,+
479,Solyc02g079760.3,Solyc02g083570.3,+
480,Solyc02g079760.3,Solyc02g086950.1,+
481,Solyc02g079760.3,Solyc02g093250.3,+
482,Solyc02g079760.3,Solyc03g077925.1,+
483,Solyc02g079760.3,Solyc03g093800.1,+
484,Solyc02g079760.3,Solyc03g113960.3,+
485,Solyc02g079760.3,Solyc04g007075.1,+
486,Solyc02g079760.3,Solyc04g049080.3,+
487,Solyc02g079760.3,Solyc04g076280.3,+
488,Solyc02g079760.3,Solyc04g077010.3,+
489,Solyc02g079760.3,Solyc04g078630.3,+
490,Solyc02g079760.3,Solyc04g078930.3,+
491,Solyc02g079760.3,Solyc04g080310.1,+
492,Solyc02g079760.3,Solyc05g005740.3,+
493,Solyc02g079760.3,Solyc05g007470.3,+
494,Solyc02g079760.3,Solyc05g009640.3,+
495,Solyc02g079760.3,Solyc05g014240.3,+
496,Solyc02g079760.3,Solyc06g010010.2,+
497,Solyc02g079760.3,Solyc06g075190.1,+
498,Solyc02g079760.3,Solyc06g076070.1,+
499,Solyc02g079760.3,Solyc09g010680.3,+
500,Solyc02g079760.3,Solyc09g011640.4,+
501,Solyc02g079760.3,Solyc09g064742.1,+
502,Solyc02g079760.3,Solyc10g050510.1,+
503,Solyc02g079760.3,Solyc10g078600.2,+
504,Solyc02g079760.3,Solyc10g085860.1,+
505,Solyc02g079760.3,Solyc11g071450.2,+
506,Solyc02g079760.3,Solyc12g010710.1,+
507,Solyc02g079760.3,Solyc12g013570.2,+
508,Solyc02g079760.3,Solyc12g049360.2,+
509,Solyc02g079760.3,Solyc12g056460.2,+
510,Solyc02g079760.3,Solyc12g094390.1,+
511,Solyc02g079760.3,Solyc12g098910.2,+
512,Solyc02g083570.3,Solyc02g086950.1,+
513,Solyc02g083570.3,Solyc02g093250.3,+
514,Solyc02g083570.3,Solyc03g093800.1,+
515,Solyc02g083570.3,Solyc03g118880.3,+
516,Solyc02g083570.3,Solyc04g009515.1,+
517,Solyc02g083570.3,Solyc04g016270.2,+
518,Solyc02g083570.3,Solyc04g079080.2,+
519,Solyc02g083570.3,Solyc04g080310.1,+
520,Solyc02g083570.3,Solyc05g056440.2,+
521,Solyc02g083570.3,Solyc06g010010.2,+
522,Solyc02g083570.3,Solyc06g075190.1,+
523,Solyc02g083570.3,Solyc07g055235.1,+
524,Solyc02g083570.3,Solyc08g062370.3,+
525,Solyc02g083570.3,Solyc08g080100.3,+
526,Solyc02g083570.3,Solyc09g010680.3,+
527,Solyc02g083570.3,Solyc09g018630.3,+
528,Solyc02g083570.3,Solyc09g064742.1,+
529,Solyc02g083570.3,Solyc12g013570.2,+
530,Solyc02g083570.3,Solyc12g049360.2,+
531,Solyc02g086950.1,Solyc02g093250.3,+
532,Solyc02g086950.1,Solyc03g093800.1,+
533,Solyc02g086950.1,Solyc03g113960.3,+
534,Solyc02g086950.1,Solyc03g118880.3,+
535,Solyc02g086950.1,Solyc04g049080.3,+
536,Solyc02g086950.1,Solyc04g078630.3,+
537,Solyc02g086950.1,Solyc04g079080.2,+
538,Solyc02g086950.1,Solyc04g080310.1,+
539,Solyc02g086950.1,Solyc05g007470.3,+
540,Solyc02g086950.1,Solyc05g009640.3,+
541,Solyc02g086950.1,Solyc05g056440.2,+
542,Solyc02g086950.1,Solyc06g010010.2,+
543,Solyc02g086950.1,Solyc06g075190.1,+
544,Solyc02g086950.1,Solyc06g076070.1,+
545,Solyc02g086950.1,Solyc07g006670.1,+
546,Solyc02g086950.1,Solyc09g010680.3,+
547,Solyc02g086950.1,Solyc09g064742.1,+
548,Solyc02g086950.1,Solyc10g085860.1,+
549,Solyc02g086950.1,Solyc12g010710.1,+
550,Solyc02g086950.1,Solyc12g013570.2,+
551,Solyc02g086950.1,Solyc12g049360.2,+
552,Solyc02g086950.1,Solyc12g094390.1,+
553,Solyc02g093230.3,Solyc02g093250.3,+
554,Solyc02g093250.3,Solyc03g118880.3,+
555,Solyc02g093250.3,Solyc04g049080.3,+
556,Solyc02g093250.3,Solyc04g078630.3,+
557,Solyc02g093250.3,Solyc04g079080.2,+
558,Solyc02g093250.3,Solyc04g080310.1,+
559,Solyc02g093250.3,Solyc05g056440.2,+
560,Solyc02g093250.3,Solyc06g010010.2,+
561,Solyc02g093250.3,Solyc06g075190.1,+
562,Solyc02g093250.3,Solyc06g076070.1,+
563,Solyc02g093250.3,Solyc08g062370.3,+
564,Solyc02g093250.3,Solyc09g064742.1,+
565,Solyc02g093250.3,Solyc10g085860.1,+
566,Solyc02g093250.3,Solyc12g010710.1,+
567,Solyc02g093250.3,Solyc12g049360.2,+
568,Solyc02g093250.3,Solyc12g094390.1,+
569,Solyc03g034020.3,Solyc03g077925.1,+
570,Solyc03g034020.3,Solyc04g080310.1,+
571,Solyc03g034020.3,Solyc05g008770.3,+
572,Solyc03g034020.3,Solyc05g013750.3,+
573,Solyc03g034020.3,Solyc08g076493.1,+
574,Solyc03g034020.3,Solyc08g081700.1,+
575,Solyc03g034020.3,Solyc11g071450.2,+
576,Solyc03g077925.1,Solyc03g113960.3,+
577,Solyc03g077925.1,Solyc03g115940.3,+
578,Solyc03g077925.1,Solyc04g007075.1,+
579,Solyc03g077925.1,Solyc04g078930.3,+
580,Solyc03g077925.1,Solyc05g005740.3,+
581,Solyc03g077925.1,Solyc05g008770.3,+
582,Solyc03g077925.1,Solyc05g013750.3,+
583,Solyc03g077925.1,Solyc05g014240.3,+
584,Solyc03g077925.1,Solyc06g075190.1,+
585,Solyc03g077925.1,Solyc06g076070.1,+
586,Solyc03g077925.1,Solyc08g075450.3,+
587,Solyc03g077925.1,Solyc08g075470.3,+
588,Solyc03g077925.1,Solyc09g011640.4,+
589,Solyc03g077925.1,Solyc10g050510.1,+
590,Solyc03g077925.1,Solyc10g076500.2,+
591,Solyc03g077925.1,Solyc11g071450.2,+
592,Solyc03g077925.1,Solyc12g088400.1,+
593,Solyc03g077925.1,Solyc12g088880.2,+
594,Solyc03g077925.1,Solyc12g094390.1,+
595,Solyc03g093800.1,Solyc03g118880.3,+
596,Solyc03g093800.1,Solyc04g049080.3,+
597,Solyc03g093800.1,Solyc04g077010.3,+
598,Solyc03g093800.1,Solyc04g078630.3,+
599,Solyc03g093800.1,Solyc04g078930.3,+
600,Solyc03g093800.1,Solyc04g079080.2,+
601,Solyc03g093800.1,Solyc04g080310.1,+
602,Solyc03g093800.1,Solyc05g007470.3,+
603,Solyc03g093800.1,Solyc05g056440.2,+
604,Solyc03g093800.1,Solyc06g010010.2,+
605,Solyc03g093800.1,Solyc06g075190.1,+
606,Solyc03g093800.1,Solyc06g076070.1,+
607,Solyc03g093800.1,Solyc06g083330.2,+
608,Solyc03g093800.1,Solyc08g080100.3,+
609,Solyc03g093800.1,Solyc09g010680.3,+
610,Solyc03g093800.1,Solyc09g011640.4,+
611,Solyc03g093800.1,Solyc09g064742.1,+
612,Solyc03g093800.1,Solyc10g085860.1,+
613,Solyc03g093800.1,Solyc12g010710.1,+
614,Solyc03g093800.1,Solyc12g013570.2,+
615,Solyc03g093800.1,Solyc12g049360.2,+
616,Solyc03g093800.1,Solyc12g094390.1,+
617,Solyc03g093800.1,Solyc12g098910.2,+
618,Solyc03g113960.3,Solyc03g115940.3,+
619,Solyc03g113960.3,Solyc04g007075.1,+
620,Solyc03g113960.3,Solyc04g049080.3,+
621,Solyc03g113960.3,Solyc04g078630.3,+
622,Solyc03g113960.3,Solyc04g080310.1,+
623,Solyc03g113960.3,Solyc05g005740.3,+
624,Solyc03g113960.3,Solyc05g007470.3,+
625,Solyc03g113960.3,Solyc05g009640.3,+
626,Solyc03g113960.3,Solyc05g013750.3,+
627,Solyc03g113960.3,Solyc06g010010.2,+
628,Solyc03g113960.3,Solyc06g075190.1,+
629,Solyc03g113960.3,Solyc06g076070.1,+
630,Solyc03g113960.3,Solyc09g064742.1,+
631,Solyc03g113960.3,Solyc10g050510.1,+
632,Solyc03g113960.3,Solyc10g085860.1,+
633,Solyc03g113960.3,Solyc11g071450.2,+
634,Solyc03g113960.3,Solyc12g013570.2,+
635,Solyc03g113960.3,Solyc12g049360.2,+
636,Solyc03g113960.3,Solyc12g094390.1,+
637,Solyc03g115940.3,Solyc04g007075.1,+
638,Solyc03g115940.3,Solyc04g076280.3,+
639,Solyc03g115940.3,Solyc04g078930.3,+
640,Solyc03g115940.3,Solyc05g005740.3,+
641,Solyc03g115940.3,Solyc05g014240.3,+
642,Solyc03g115940.3,Solyc10g050510.1,+
643,Solyc03g115940.3,Solyc10g076500.2,+
644,Solyc03g115940.3,Solyc12g088400.1,+
645,Solyc03g115940.3,Solyc12g088880.2,+
646,Solyc03g118880.3,Solyc04g009430.3,-
647,Solyc03g118880.3,Solyc04g009515.1,+
648,Solyc03g118880.3,Solyc04g016270.2,+
649,Solyc03g118880.3,Solyc04g049080.3,+
650,Solyc03g118880.3,Solyc04g076280.3,+
651,Solyc03g118880.3,Solyc04g077230.1,+
652,Solyc03g118880.3,Solyc04g078930.3,+
653,Solyc03g118880.3,Solyc04g079080.2,+
654,Solyc03g118880.3,Solyc04g080310.1,+
655,Solyc03g118880.3,Solyc05g005740.3,+
656,Solyc03g118880.3,Solyc05g007470.3,+
657,Solyc03g118880.3,Solyc05g008990.3,+
658,Solyc03g118880.3,Solyc05g056440.2,+
659,Solyc03g118880.3,Solyc06g010010.2,+
660,Solyc03g118880.3,Solyc06g076070.1,+
661,Solyc03g118880.3,Solyc06g083330.2,+
662,Solyc03g118880.3,Solyc07g006670.1,+
663,Solyc03g118880.3,Solyc07g055235.1,+
664,Solyc03g118880.3,Solyc08g062370.3,+
665,Solyc03g118880.3,Solyc08g080100.3,+
666,Solyc03g118880.3,Solyc09g010680.3,+
667,Solyc03g118880.3,Solyc09g011640.4,+
668,Solyc03g118880.3,Solyc09g018630.3,+
669,Solyc03g118880.3,Solyc09g064742.1,+
670,Solyc03g118880.3,Solyc10g085860.1,+
671,Solyc03g118880.3,Solyc12g088880.2,+
672,Solyc03g118880.3,Solyc12g094390.1,+
673,Solyc03g118880.3,Solyc12g098910.2,+
674,Solyc04g007075.1,Solyc05g005740.3,+
675,Solyc04g007075.1,Solyc05g014240.3,+
676,Solyc04g007075.1,Solyc12g094390.1,+
677,Solyc04g009430.3,Solyc06g075190.1,-
678,Solyc04g009430.3,Solyc09g064742.1,-
679,Solyc04g009515.1,Solyc04g080310.1,+
680,Solyc04g009515.1,Solyc05g053510.2,+
681,Solyc04g009515.1,Solyc07g006670.1,+
682,Solyc04g009515.1,Solyc07g055235.1,+
683,Solyc04g009515.1,Solyc08g062370.3,+
684,Solyc04g009515.1,Solyc08g080100.3,+
685,Solyc04g009515.1,Solyc09g018630.3,+
686,Solyc04g016270.2,Solyc04g079080.2,+
687,Solyc04g016270.2,Solyc07g055235.1,+
688,Solyc04g016270.2,Solyc08g062370.3,+
689,Solyc04g016270.2,Solyc08g080100.3,+
690,Solyc04g016270.2,Solyc08g081700.1,+
691,Solyc04g016270.2,Solyc09g018630.3,+
692,Solyc04g049080.3,Solyc04g077010.3,+
693,Solyc04g049080.3,Solyc04g078630.3,+
694,Solyc04g049080.3,Solyc04g078930.3,+
695,Solyc04g049080.3,Solyc04g079080.2,+
696,Solyc04g049080.3,Solyc04g080310.1,+
697,Solyc04g049080.3,Solyc05g007470.3,+
698,Solyc04g049080.3,Solyc05g014240.3,+
699,Solyc04g049080.3,Solyc05g056440.2,+
700,Solyc04g049080.3,Solyc06g010010.2,+
701,Solyc04g049080.3,Solyc06g075190.1,+
702,Solyc04g049080.3,Solyc06g076070.1,+
703,Solyc04g049080.3,Solyc06g083330.2,+
704,Solyc04g049080.3,Solyc07g006670.1,+
705,Solyc04g049080.3,Solyc09g010680.3,+
706,Solyc04g049080.3,Solyc09g011640.4,+
707,Solyc04g049080.3,Solyc09g064742.1,+
708,Solyc04g049080.3,Solyc10g085860.1,+
709,Solyc04g049080.3,Solyc12g010710.1,+
710,Solyc04g049080.3,Solyc12g049360.2,+
711,Solyc04g049080.3,Solyc12g094390.1,+
712,Solyc04g049080.3,Solyc12g098910.2,+
713,Solyc04g076280.3,Solyc04g077010.3,+
714,Solyc04g076280.3,Solyc04g078930.3,+
715,Solyc04g076280.3,Solyc05g005740.3,+
716,Solyc04g076280.3,Solyc05g014240.3,+
717,Solyc04g076280.3,Solyc06g083330.2,+
718,Solyc04g076280.3,Solyc08g080100.3,+
719,Solyc04g076280.3,Solyc09g010680.3,+
720,Solyc04g076280.3,Solyc09g011640.4,+
721,Solyc04g076280.3,Solyc10g050510.1,+
722,Solyc04g076280.3,Solyc10g078600.2,+
723,Solyc04g076280.3,Solyc11g071450.2,+
724,Solyc04g076280.3,Solyc12g056460.2,+
725,Solyc04g076280.3,Solyc12g088880.2,+
726,Solyc04g077010.3,Solyc04g078930.3,+
727,Solyc04g077010.3,Solyc04g080310.1,+
728,Solyc04g077010.3,Solyc05g014240.3,+
729,Solyc04g077010.3,Solyc08g075450.3,+
730,Solyc04g077010.3,Solyc08g076497.1,+
731,Solyc04g077010.3,Solyc09g010680.3,+
732,Solyc04g077010.3,Solyc09g011640.4,+
733,Solyc04g077010.3,Solyc09g018630.3,+
734,Solyc04g077010.3,Solyc10g078600.2,+
735,Solyc04g077010.3,Solyc11g071450.2,+
736,Solyc04g077010.3,Solyc12g056460.2,+
737,Solyc04g077010.3,Solyc12g088880.2,+
738,Solyc04g077230.1,Solyc04g079080.2,+
739,Solyc04g077230.1,Solyc05g008990.3,+
740,Solyc04g077230.1,Solyc05g056440.2,+
741,Solyc04g077230.1,Solyc07g055235.1,+
742,Solyc04g077230.1,Solyc08g081700.1,+
743,Solyc04g077230.1,Solyc12g088400.1,+
744,Solyc04g077230.1,Solyc12g098910.2,+
745,Solyc04g078630.3,Solyc04g078930.3,+
746,Solyc04g078630.3,Solyc04g080310.1,+
747,Solyc04g078630.3,Solyc05g007470.3,+
748,Solyc04g078630.3,Solyc05g013750.3,+
749,Solyc04g078630.3,Solyc06g010010.2,+
750,Solyc04g078630.3,Solyc06g075190.1,+
751,Solyc04g078630.3,Solyc06g076070.1,+
752,Solyc04g078630.3,Solyc09g010680.3,+
753,Solyc04g078630.3,Solyc09g011640.4,+
754,Solyc04g078630.3,Solyc09g064742.1,+
755,Solyc04g078630.3,Solyc10g050510.1,+
756,Solyc04g078630.3,Solyc10g078600.2,+
757,Solyc04g078630.3,Solyc10g085860.1,+
758,Solyc04g078630.3,Solyc12g010710.1,+
759,Solyc04g078630.3,Solyc12g094390.1,+
760,Solyc04g078930.3,Solyc04g080310.1,+
761,Solyc04g078930.3,Solyc05g007470.3,+
762,Solyc04g078930.3,Solyc05g013750.3,+
763,Solyc04g078930.3,Solyc06g075190.1,+
764,Solyc04g078930.3,Solyc06g076070.1,+
765,Solyc04g078930.3,Solyc06g083330.2,+
766,Solyc04g078930.3,Solyc09g010680.3,+
767,Solyc04g078930.3,Solyc09g011640.4,+
768,Solyc04g078930.3,Solyc10g050510.1,+
769,Solyc04g078930.3,Solyc10g078600.2,+
770,Solyc04g078930.3,Solyc10g085860.1,+
771,Solyc04g078930.3,Solyc11g069040.3,+
772,Solyc04g078930.3,Solyc11g071450.2,+
773,Solyc04g078930.3,Solyc12g010710.1,+
774,Solyc04g078930.3,Solyc12g056460.2,+
775,Solyc04g078930.3,Solyc12g088880.2,+
776,Solyc04g078930.3,Solyc12g098910.2,+
777,Solyc04g079080.2,Solyc05g007470.3,+
778,Solyc04g079080.2,Solyc05g008990.3,+
779,Solyc04g079080.2,Solyc05g056440.2,+
780,Solyc04g079080.2,Solyc06g010010.2,+
781,Solyc04g079080.2,Solyc06g076070.1,+
782,Solyc04g079080.2,Solyc06g083330.2,+
783,Solyc04g079080.2,Solyc07g006670.1,+
784,Solyc04g079080.2,Solyc07g055235.1,+
785,Solyc04g079080.2,Solyc08g080100.3,+
786,Solyc04g079080.2,Solyc09g010680.3,+
787,Solyc04g079080.2,Solyc10g085860.1,+
788,Solyc04g080310.1,Solyc05g007470.3,+
789,Solyc04g080310.1,Solyc05g009640.3,+
790,Solyc04g080310.1,Solyc05g056440.2,+
791,Solyc04g080310.1,Solyc06g010010.2,+
792,Solyc04g080310.1,Solyc06g075190.1,+
793,Solyc04g080310.1,Solyc06g076070.1,+
794,Solyc04g080310.1,Solyc07g055235.1,+
795,Solyc04g080310.1,Solyc08g062370.3,+
796,Solyc04g080310.1,Solyc08g081700.1,+
797,Solyc04g080310.1,Solyc09g010680.3,+
798,Solyc04g080310.1,Solyc09g011640.4,+
799,Solyc04g080310.1,Solyc09g018630.3,+
800,Solyc04g080310.1,Solyc09g064742.1,+
801,Solyc04g080310.1,Solyc10g085860.1,+
802,Solyc04g080310.1,Solyc11g071450.2,+
803,Solyc04g080310.1,Solyc12g010710.1,+
804,Solyc04g080310.1,Solyc12g013570.2,+
805,Solyc04g080310.1,Solyc12g049360.2,+
806,Solyc04g080310.1,Solyc12g094390.1,+
807,Solyc04g080310.1,Solyc12g098910.2,+
808,Solyc05g005740.3,Solyc05g014240.3,+
809,Solyc05g005740.3,Solyc06g075190.1,+
810,Solyc05g005740.3,Solyc06g076070.1,+
811,Solyc05g005740.3,Solyc07g006670.1,+
812,Solyc05g005740.3,Solyc08g075450.3,+
813,Solyc05g005740.3,Solyc08g080100.3,+
814,Solyc05g005740.3,Solyc10g050510.1,+
815,Solyc05g005740.3,Solyc10g076500.2,+
816,Solyc05g005740.3,Solyc12g088400.1,+
817,Solyc05g005740.3,Solyc12g088880.2,+
818,Solyc05g005740.3,Solyc12g094390.1,+
819,Solyc05g007470.3,Solyc05g009640.3,+
820,Solyc05g007470.3,Solyc05g056440.2,+
821,Solyc05g007470.3,Solyc06g010010.2,+
822,Solyc05g007470.3,Solyc06g075190.1,+
823,Solyc05g007470.3,Solyc06g076070.1,+
824,Solyc05g007470.3,Solyc09g011640.4,+
825,Solyc05g007470.3,Solyc09g064742.1,+
826,Solyc05g007470.3,Solyc10g085860.1,+
827,Solyc05g007470.3,Solyc12g010710.1,+
828,Solyc05g007470.3,Solyc12g013570.2,+
829,Solyc05g007470.3,Solyc12g049360.2,+
830,Solyc05g007470.3,Solyc12g094390.1,+
831,Solyc05g007470.3,Solyc12g098910.2,+
832,Solyc05g008770.3,Solyc05g008990.3,+
833,Solyc05g008770.3,Solyc08g075450.3,+
834,Solyc05g008770.3,Solyc08g075470.3,+
835,Solyc05g008770.3,Solyc08g076493.1,+
836,Solyc05g008770.3,Solyc09g011640.4,+
837,Solyc05g008770.3,Solyc10g078600.2,+
838,Solyc05g008770.3,Solyc11g069040.3,+
839,Solyc05g008770.3,Solyc11g071450.2,+
840,Solyc05g008770.3,Solyc12g056460.2,+
841,Solyc05g008770.3,Solyc12g088880.2,+
842,Solyc05g008990.3,Solyc06g083330.2,+
843,Solyc05g008990.3,Solyc08g075450.3,+
844,Solyc05g008990.3,Solyc08g076493.1,+
845,Solyc05g008990.3,Solyc08g076497.1,+
846,Solyc05g008990.3,Solyc08g080100.3,+
847,Solyc05g008990.3,Solyc09g011640.4,+
848,Solyc05g008990.3,Solyc09g018630.3,+
849,Solyc05g008990.3,Solyc10g078600.2,+
850,Solyc05g008990.3,Solyc12g088400.1,+
851,Solyc05g009640.3,Solyc06g010010.2,+
852,Solyc05g009640.3,Solyc06g076070.1,+
853,Solyc05g009640.3,Solyc08g081700.1,+
854,Solyc05g009640.3,Solyc09g064742.1,+
855,Solyc05g009640.3,Solyc11g071450.2,+
856,Solyc05g009640.3,Solyc12g013570.2,+
857,Solyc05g009640.3,Solyc12g049360.2,+
858,Solyc05g009640.3,Solyc12g098910.2,+
859,Solyc05g013750.3,Solyc08g076497.1,+
860,Solyc05g013750.3,Solyc10g050510.1,+
861,Solyc05g013750.3,Solyc10g076500.2,+
862,Solyc05g013750.3,Solyc10g085860.1,+
863,Solyc05g013750.3,Solyc11g071450.2,+
864,Solyc05g013750.3,Solyc12g056460.2,+
865,Solyc05g013750.3,Solyc12g088400.1,+
866,Solyc05g014240.3,Solyc05g053510.2,+
867,Solyc05g014240.3,Solyc08g075450.3,+
868,Solyc05g014240.3,Solyc08g075470.3,+
869,Solyc05g014240.3,Solyc09g010680.3,+
870,Solyc05g014240.3,Solyc10g078600.2,+
871,Solyc05g014240.3,Solyc11g071450.2,+
872,Solyc05g014240.3,Solyc12g056460.2,+
873,Solyc05g014240.3,Solyc12g088880.2,+
874,Solyc05g056440.2,Solyc06g010010.2,+
875,Solyc05g056440.2,Solyc06g076070.1,+
876,Solyc05g056440.2,Solyc07g055235.1,+
877,Solyc05g056440.2,Solyc09g010680.3,+
878,Solyc05g056440.2,Solyc09g064742.1,+
879,Solyc05g056440.2,Solyc10g085860.1,+
880,Solyc05g056440.2,Solyc12g010710.1,+
881,Solyc05g056440.2,Solyc12g094390.1,+
882,Solyc06g010010.2,Solyc06g075190.1,+
883,Solyc06g010010.2,Solyc06g076070.1,+
884,Solyc06g010010.2,Solyc07g006670.1,+
885,Solyc06g010010.2,Solyc08g080100.3,+
886,Solyc06g010010.2,Solyc09g011640.4,+
887,Solyc06g010010.2,Solyc09g064742.1,+
888,Solyc06g010010.2,Solyc10g085860.1,+
889,Solyc06g010010.2,Solyc12g010710.1,+
890,Solyc06g010010.2,Solyc12g013570.2,+
891,Solyc06g010010.2,Solyc12g049360.2,+
892,Solyc06g010010.2,Solyc12g094390.1,+
893,Solyc06g010010.2,Solyc12g098910.2,+
894,Solyc06g075190.1,Solyc06g076070.1,+
895,Solyc06g075190.1,Solyc08g062370.3,+
896,Solyc06g075190.1,Solyc08g075470.3,+
897,Solyc06g075190.1,Solyc09g011640.4,+
898,Solyc06g075190.1,Solyc09g064742.1,+
899,Solyc06g075190.1,Solyc10g050510.1,+
900,Solyc06g075190.1,Solyc10g078600.2,+
901,Solyc06g075190.1,Solyc10g085860.1,+
902,Solyc06g075190.1,Solyc11g069040.3,+
903,Solyc06g075190.1,Solyc11g071450.2,+
904,Solyc06g075190.1,Solyc12g010710.1,+
905,Solyc06g075190.1,Solyc12g013570.2,+
906,Solyc06g075190.1,Solyc12g049360.2,+
907,Solyc06g075190.1,Solyc12g094390.1,+
908,Solyc06g076070.1,Solyc06g083330.2,+
909,Solyc06g076070.1,Solyc07g006670.1,+
910,Solyc06g076070.1,Solyc08g080100.3,+
911,Solyc06g076070.1,Solyc09g010680.3,+
912,Solyc06g076070.1,Solyc09g011640.4,+
913,Solyc06g076070.1,Solyc09g064742.1,+
914,Solyc06g076070.1,Solyc10g050510.1,+
915,Solyc06g076070.1,Solyc10g085860.1,+
916,Solyc06g076070.1,Solyc11g071450.2,+
917,Solyc06g076070.1,Solyc12g010710.1,+
918,Solyc06g076070.1,Solyc12g049360.2,+
919,Solyc06g076070.1,Solyc12g094390.1,+
920,Solyc06g076070.1,Solyc12g098910.2,+
921,Solyc06g083330.2,Solyc08g076497.1,+
922,Solyc06g083330.2,Solyc09g010680.3,+
923,Solyc06g083330.2,Solyc09g011640.4,+
924,Solyc06g083330.2,Solyc10g085860.1,+
925,Solyc07g006670.1,Solyc08g080100.3,+
926,Solyc07g006670.1,Solyc09g010680.3,+
927,Solyc07g055235.1,Solyc08g062370.3,+
928,Solyc07g055235.1,Solyc08g080100.3,+
929,Solyc07g055235.1,Solyc08g081700.1,+
930,Solyc07g055235.1,Solyc09g018630.3,+
931,Solyc07g055235.1,Solyc09g064742.1,+
932,Solyc07g055235.1,Solyc12g098910.2,+
933,Solyc08g062370.3,Solyc09g018630.3,+
934,Solyc08g062370.3,Solyc09g064742.1,+
935,Solyc08g062370.3,Solyc12g013570.2,+
936,Solyc08g075450.3,Solyc08g075470.3,+
937,Solyc08g075450.3,Solyc09g011640.4,+
938,Solyc08g075450.3,Solyc10g078600.2,+
939,Solyc08g075450.3,Solyc12g088880.2,+
940,Solyc08g075470.3,Solyc08g076493.1,+
941,Solyc08g075470.3,Solyc09g010680.3,+
942,Solyc08g075470.3,Solyc09g011640.4,+
943,Solyc08g075470.3,Solyc10g076500.2,+
944,Solyc08g075470.3,Solyc10g078600.2,+
945,Solyc08g075470.3,Solyc11g069040.3,+
946,Solyc08g075470.3,Solyc12g088880.2,+
947,Solyc08g076493.1,Solyc08g076497.1,+
948,Solyc08g076493.1,Solyc10g078600.2,+
949,Solyc08g076497.1,Solyc09g011640.4,+
950,Solyc08g076497.1,Solyc10g078600.2,+
951,Solyc08g076497.1,Solyc10g085860.1,+
952,Solyc08g076497.1,Solyc11g071450.2,+
953,Solyc08g076497.1,Solyc12g056460.2,+
954,Solyc08g076497.1,Solyc12g088400.1,+
955,Solyc08g080100.3,Solyc09g010680.3,+
956,Solyc08g080100.3,Solyc09g011640.4,+
957,Solyc08g080100.3,Solyc09g018630.3,+
958,Solyc08g081700.1,Solyc09g011640.4,+
959,Solyc08g081700.1,Solyc09g018630.3,+
960,Solyc08g081700.1,Solyc12g010710.1,+
961,Solyc08g081700.1,Solyc12g098910.2,+
962,Solyc09g010680.3,Solyc09g011640.4,+
963,Solyc09g010680.3,Solyc09g018630.3,+
964,Solyc09g010680.3,Solyc09g064742.1,+
965,Solyc09g010680.3,Solyc10g078600.2,+
966,Solyc09g010680.3,Solyc10g085860.1,+
967,Solyc09g010680.3,Solyc11g071450.2,+
968,Solyc09g010680.3,Solyc12g056460.2,+
969,Solyc09g010680.3,Solyc12g088880.2,+
970,Solyc09g011640.4,Solyc09g018630.3,+
971,Solyc09g011640.4,Solyc09g064742.1,+
972,Solyc09g011640.4,Solyc10g050510.1,+
973,Solyc09g011640.4,Solyc10g078600.2,+
974,Solyc09g011640.4,Solyc10g085860.1,+
975,Solyc09g011640.4,Solyc11g069040.3,+
976,Solyc09g011640.4,Solyc11g071450.2,+
977,Solyc09g011640.4,Solyc12g010710.1,+
978,Solyc09g011640.4,Solyc12g056460.2,+
979,Solyc09g011640.4,Solyc12g088880.2,+
980,Solyc09g011640.4,Solyc12g098910.2,+
981,Solyc09g018630.3,Solyc10g078600.2,+
982,Solyc09g018630.3,Solyc11g069040.3,+
983,Solyc09g018630.3,Solyc12g056460.2,+
984,Solyc09g018630.3,Solyc12g088880.2,+
985,Solyc09g018630.3,Solyc12g098910.2,+
986,Solyc09g064742.1,Solyc10g085860.1,+
987,Solyc09g064742.1,Solyc12g010710.1,+
988,Solyc09g064742.1,Solyc12g013570.2,+
989,Solyc09g064742.1,Solyc12g049360.2,+
990,Solyc09g064742.1,Solyc12g094390.1,+
991,Solyc09g064742.1,Solyc12g098910.2,+
992,Solyc10g050510.1,Solyc10g076500.2,+
993,Solyc10g050510.1,Solyc10g078600.2,+
994,Solyc10g076500.2,Solyc12g088400.1,+
995,Solyc10g078600.2,Solyc11g071450.2,+
996,Solyc10g078600.2,Solyc12g056460.2,+
997,Solyc10g078600.2,Solyc12g088880.2,+
998,Solyc10g085860.1,Solyc12g010710.1,+
999,Solyc10g085860.1,Solyc12g094390.1,+
1000,Solyc11g069040.3,Solyc11g071450.2,+
1001,Solyc11g069040.3,Solyc12g088880.2,+
1002,Solyc11g069040.3,Solyc12g098910.2,+
1003,Solyc11g071450.2,Solyc12g056460.2,+
1004,Solyc11g071450.2,Solyc12g088400.1,+
1005,Solyc11g071450.2,Solyc12g088880.2,+
1006,Solyc11g071450.2,Solyc12g098910.2,+
1007,Solyc12g010710.1,Solyc12g049360.2,+
1008,Solyc12g010710.1,Solyc12g094390.1,+
1009,Solyc12g010710.1,Solyc12g098910.2,+
1010,Solyc12g013570.2,Solyc12g049360.2,+
1011,Solyc12g013570.2,Solyc12g094390.1,+
1012,Solyc12g013570.2,Solyc12g098910.2,+
1013,Solyc12g049360.2,Solyc12g094390.1,+
1014,Solyc12g049360.2,Solyc12g098910.2,+
1015,Solyc12g056460.2,Solyc12g088880.2,+
1016,Solyc12g056460.2,Solyc12g098910.2,+
