,Gene,Metabolite,Direction
5134,Solyc05g005150.1,pmf0500,-
33410,Solyc05g005150.1,pmf0503,-
38038,Solyc05g005150.1,pmf0253,-
45956,Solyc05g005150.1,pmb2855,-
52638,Solyc05g005150.1,pme0279,-
64094,Solyc05g005150.1,pme0004,-
67339,Solyc05g005150.1,pme2527,-
69169,Solyc05g005150.1,pmf0245,-
71478,Solyc05g005150.1,pmf0260,-
72960,Solyc05g005150.1,pmf0277,-
74320,Solyc05g005150.1,pmf0278,-
75618,Solyc05g005150.1,pmf0283,-
77098,Solyc05g005150.1,pmf0290,-
79852,Solyc05g005150.1,pmf0514,-
114999,Solyc05g005150.1,pmf0481,-
225365,Solyc05g005150.1,pmb2826,-
228479,Solyc05g005150.1,pme0274,-
229489,Solyc05g005150.1,pme0281,-
230813,Solyc05g005150.1,pme0282,-
233669,Solyc05g005150.1,pme0291,-
238110,Solyc05g005150.1,pme0486,+
246465,Solyc05g005150.1,pme2050,-
263573,Solyc05g005150.1,pmf0233,-
265406,Solyc05g005150.1,pmf0317,-
277268,Solyc05g005150.1,pmf0486,+
287785,Solyc05g005150.1,pmf0298,-
294969,Solyc05g005150.1,pmf0293,-
315715,Solyc05g005150.1,pmf0273,-
323367,Solyc05g005150.1,pmf0368,-
329820,Solyc05g005150.1,pmf0418,+
4645,Solyc01g080540.3,pmf0500,-
4664,Solyc01g090910.3,pmf0500,-
4668,Solyc01g092950.3,pmf0500,-
4731,Solyc01g106350.3,pmf0500,-
4803,Solyc02g069350.3,pmf0500,-
4953,Solyc03g077925.1,pmf0500,-
5047,Solyc04g007075.1,pmf0500,-
5103,Solyc04g076280.3,pmf0500,-
5134,Solyc05g005150.1,pmf0500,-
5137,Solyc05g005740.3,pmf0500,-
5149,Solyc05g008770.3,pmf0500,-
5174,Solyc05g014240.3,pmf0500,-
5313,Solyc06g075190.1,pmf0500,-
5499,Solyc08g075450.3,pmf0500,-
5500,Solyc08g075470.3,pmf0500,-
5503,Solyc08g076493.1,pmf0500,-
5676,Solyc10g076500.2,pmf0500,-
5682,Solyc10g078600.2,pmf0500,-
5796,Solyc11g069040.3,pmf0500,-
5805,Solyc11g071450.2,pmf0500,-
5864,Solyc12g056460.2,pmf0500,-
5876,Solyc12g088880.2,pmf0500,-
32907,Solyc01g080540.3,pmf0503,-
32926,Solyc01g090910.3,pmf0503,-
32931,Solyc01g092950.3,pmf0503,-
32995,Solyc01g106350.3,pmf0503,-
33065,Solyc02g069350.3,pmf0503,-
33220,Solyc03g077925.1,pmf0503,-
33279,Solyc03g115940.3,pmf0503,-
33317,Solyc04g007075.1,pmf0503,-
33376,Solyc04g076280.3,pmf0503,-
33382,Solyc04g077010.3,pmf0503,-
33410,Solyc05g005150.1,pmf0503,-
33412,Solyc05g005740.3,pmf0503,-
33425,Solyc05g008770.3,pmf0503,-
33449,Solyc05g014240.3,pmf0503,-
33592,Solyc06g075190.1,pmf0503,-
33781,Solyc08g075450.3,pmf0503,-
33782,Solyc08g075470.3,pmf0503,-
33785,Solyc08g076493.1,pmf0503,-
33957,Solyc10g076500.2,pmf0503,-
33964,Solyc10g078600.2,pmf0503,-
34081,Solyc11g069040.3,pmf0503,-
34090,Solyc11g071450.2,pmf0503,-
34151,Solyc12g056460.2,pmf0503,-
34164,Solyc12g088880.2,pmf0503,-
37474,Solyc01g005680.3,pmf0253,-
37518,Solyc01g073725.1,pmf0253,-
37529,Solyc01g080540.3,pmf0253,-
37548,Solyc01g090910.3,pmf0253,-
37554,Solyc01g092950.3,pmf0253,-
37589,Solyc01g100210.3,pmf0253,-
37616,Solyc01g106350.3,pmf0253,-
37643,Solyc02g031750.3,pmf0253,-
37663,Solyc02g067610.1,pmf0253,-
37677,Solyc02g069350.3,pmf0253,-
37678,Solyc02g069370.3,pmf0253,-
37710,Solyc02g079230.3,pmf0253,-
37711,Solyc02g079360.2,pmf0253,-
37713,Solyc02g079760.3,pmf0253,-
37729,Solyc02g083570.3,pmf0253,-
37818,Solyc03g034020.3,pmf0253,-
37833,Solyc03g077925.1,pmf0253,-
37849,Solyc03g093800.1,pmf0253,-
37888,Solyc03g113960.3,pmf0253,-
37908,Solyc03g115940.3,pmf0253,-
37919,Solyc03g118880.3,pmf0253,-
37947,Solyc04g007075.1,pmf0253,-
37956,Solyc04g009515.1,pmf0253,-
37964,Solyc04g016270.2,pmf0253,-
37972,Solyc04g049080.3,pmf0253,-
37997,Solyc04g076280.3,pmf0253,-
37999,Solyc04g077010.3,pmf0253,-
38009,Solyc04g078630.3,pmf0253,-
38012,Solyc04g078930.3,pmf0253,-
38015,Solyc04g079080.2,pmf0253,-
38020,Solyc04g080310.1,pmf0253,-
38038,Solyc05g005150.1,pmf0253,-
38040,Solyc05g005740.3,pmf0253,-
38060,Solyc05g008770.3,pmf0253,-
38062,Solyc05g008990.3,pmf0253,-
38083,Solyc05g013750.3,pmf0253,-
38085,Solyc05g014240.3,pmf0253,-
38121,Solyc05g052050.1,pmf0253,-
38129,Solyc05g053510.2,pmf0253,-
38149,Solyc05g056440.2,pmf0253,-
38240,Solyc06g075190.1,pmf0253,-
38244,Solyc06g076070.1,pmf0253,-
38254,Solyc06g083330.2,pmf0253,-
38264,Solyc07g006670.1,pmf0253,-
38316,Solyc07g055235.1,pmf0253,-
38374,Solyc08g062370.3,pmf0253,-
38400,Solyc08g075450.3,pmf0253,-
38401,Solyc08g075470.3,pmf0253,-
38406,Solyc08g076493.1,pmf0253,-
38407,Solyc08g076497.1,pmf0253,-
38429,Solyc08g080100.3,pmf0253,-
38469,Solyc09g010680.3,pmf0253,-
38474,Solyc09g011640.4,pmf0253,-
38485,Solyc09g018630.3,pmf0253,-
38503,Solyc09g064742.1,pmf0253,-
38577,Solyc10g050510.1,pmf0253,-
38588,Solyc10g076500.2,pmf0253,-
38598,Solyc10g078600.2,pmf0253,-
38631,Solyc10g085860.1,pmf0253,-
38718,Solyc11g069040.3,pmf0253,-
38727,Solyc11g071450.2,pmf0253,-
38790,Solyc12g056460.2,pmf0253,-
38805,Solyc12g088400.1,pmf0253,-
38808,Solyc12g088880.2,pmf0253,-
38812,Solyc12g094390.1,pmf0253,-
38820,Solyc12g098910.2,pmf0253,-
45596,Solyc01g005680.3,pmb2855,-
45627,Solyc01g080540.3,pmb2855,-
45637,Solyc01g090910.3,pmb2855,-
45641,Solyc01g092950.3,pmb2855,-
45686,Solyc01g106350.3,pmb2855,-
45710,Solyc02g031750.3,pmb2855,-
45734,Solyc02g069350.3,pmb2855,-
45735,Solyc02g069370.3,pmb2855,-
45755,Solyc02g079230.3,pmb2855,-
45759,Solyc02g079360.2,pmb2855,-
45761,Solyc02g079760.3,pmb2855,-
45832,Solyc03g077925.1,pmb2855,-
45840,Solyc03g093800.1,pmb2855,-
45856,Solyc03g113960.3,pmb2855,-
45874,Solyc03g115940.3,pmb2855,-
45878,Solyc03g118880.3,pmb2855,-
45899,Solyc04g007075.1,pmb2855,-
45905,Solyc04g009515.1,pmb2855,-
45913,Solyc04g049080.3,pmb2855,-
45930,Solyc04g076280.3,pmb2855,-
45932,Solyc04g077010.3,pmb2855,-
45937,Solyc04g078930.3,pmb2855,-
45943,Solyc04g080310.1,pmb2855,-
45956,Solyc05g005150.1,pmb2855,-
45958,Solyc05g005740.3,pmb2855,-
45973,Solyc05g008990.3,pmb2855,-
45988,Solyc05g014240.3,pmb2855,-
46014,Solyc05g053510.2,pmb2855,-
46090,Solyc06g083330.2,pmb2855,-
46096,Solyc07g006670.1,pmb2855,-
46126,Solyc07g055235.1,pmb2855,-
46178,Solyc08g075450.3,pmb2855,-
46180,Solyc08g076497.1,pmb2855,-
46192,Solyc08g080100.3,pmb2855,-
46215,Solyc09g010680.3,pmb2855,-
46219,Solyc09g011640.4,pmb2855,-
46226,Solyc09g018630.3,pmb2855,-
46277,Solyc10g050510.1,pmb2855,-
46288,Solyc10g076500.2,pmb2855,-
46296,Solyc10g078600.2,pmb2855,-
46375,Solyc11g071450.2,pmb2855,-
46417,Solyc12g056460.2,pmb2855,-
46427,Solyc12g088400.1,pmb2855,-
46429,Solyc12g088880.2,pmb2855,-
46434,Solyc12g098910.2,pmb2855,-
52216,Solyc01g080540.3,pme0279,-
52236,Solyc01g090910.3,pme0279,-
52242,Solyc01g092950.3,pme0279,-
52288,Solyc01g106350.3,pme0279,-
52344,Solyc02g069350.3,pme0279,-
52371,Solyc02g079230.3,pme0279,-
52374,Solyc02g079760.3,pme0279,-
52477,Solyc03g077925.1,pme0279,-
52533,Solyc03g115940.3,pme0279,-
52546,Solyc03g118880.3,pme0279,-
52566,Solyc04g007075.1,pme0279,-
52614,Solyc04g076280.3,pme0279,-
52616,Solyc04g077010.3,pme0279,-
52638,Solyc05g005150.1,pme0279,-
52640,Solyc05g005740.3,pme0279,-
52648,Solyc05g008770.3,pme0279,-
52667,Solyc05g014240.3,pme0279,-
52700,Solyc05g053510.2,pme0279,-
52788,Solyc06g075190.1,pme0279,-
52916,Solyc08g062370.3,pme0279,-
52936,Solyc08g075450.3,pme0279,-
52937,Solyc08g075470.3,pme0279,-
52988,Solyc09g010680.3,pme0279,-
52994,Solyc09g011640.4,pme0279,-
53091,Solyc10g076500.2,pme0279,-
53098,Solyc10g078600.2,pme0279,-
53204,Solyc11g069040.3,pme0279,-
53211,Solyc11g071450.2,pme0279,-
53265,Solyc12g056460.2,pme0279,-
53278,Solyc12g088880.2,pme0279,-
63784,Solyc01g080540.3,pme0004,-
63796,Solyc01g090910.3,pme0004,-
63801,Solyc01g092950.3,pme0004,-
63840,Solyc01g106350.3,pme0004,-
63857,Solyc02g031750.3,pme0004,-
63874,Solyc02g069350.3,pme0004,-
63875,Solyc02g069370.3,pme0004,-
63894,Solyc02g079230.3,pme0004,-
63896,Solyc02g079360.2,pme0004,-
63898,Solyc02g079760.3,pme0004,-
63964,Solyc03g077925.1,pme0004,-
63989,Solyc03g113960.3,pme0004,-
64003,Solyc03g115940.3,pme0004,-
64008,Solyc03g118880.3,pme0004,-
64027,Solyc04g007075.1,pme0004,-
64035,Solyc04g009515.1,pme0004,-
64045,Solyc04g049080.3,pme0004,-
64063,Solyc04g076280.3,pme0004,-
64064,Solyc04g077010.3,pme0004,-
64074,Solyc04g078930.3,pme0004,-
64080,Solyc04g080310.1,pme0004,-
64094,Solyc05g005150.1,pme0004,-
64096,Solyc05g005740.3,pme0004,-
64122,Solyc05g014240.3,pme0004,-
64146,Solyc05g053510.2,pme0004,-
64291,Solyc08g075450.3,pme0004,-
64310,Solyc08g080100.3,pme0004,-
64329,Solyc09g010680.3,pme0004,-
64334,Solyc09g011640.4,pme0004,-
64339,Solyc09g018630.3,pme0004,-
64385,Solyc10g050510.1,pme0004,-
64395,Solyc10g076500.2,pme0004,-
64402,Solyc10g078600.2,pme0004,-
64469,Solyc11g071450.2,pme0004,-
64510,Solyc12g056460.2,pme0004,-
64521,Solyc12g088880.2,pme0004,-
64528,Solyc12g098910.2,pme0004,-
66953,Solyc01g005680.3,pme2527,-
66996,Solyc01g080540.3,pme2527,-
67007,Solyc01g090910.3,pme2527,-
67013,Solyc01g092950.3,pme2527,-
67053,Solyc01g106350.3,pme2527,-
67075,Solyc02g031750.3,pme2527,-
67086,Solyc02g067610.1,pme2527,-
67098,Solyc02g069350.3,pme2527,-
67099,Solyc02g069370.3,pme2527,-
67120,Solyc02g079230.3,pme2527,-
67124,Solyc02g079760.3,pme2527,-
67177,Solyc02g093230.3,pme2527,-
67212,Solyc03g077925.1,pme2527,-
67222,Solyc03g093800.1,pme2527,-
67242,Solyc03g113960.3,pme2527,-
67257,Solyc03g115940.3,pme2527,-
67263,Solyc03g118880.3,pme2527,-
67277,Solyc04g007075.1,pme2527,-
67285,Solyc04g009515.1,pme2527,-
67288,Solyc04g016270.2,pme2527,-
67296,Solyc04g049080.3,pme2527,-
67310,Solyc04g076280.3,pme2527,-
67312,Solyc04g077010.3,pme2527,-
67317,Solyc04g078630.3,pme2527,-
67320,Solyc04g078930.3,pme2527,-
67322,Solyc04g079080.2,pme2527,-
67339,Solyc05g005150.1,pme2527,-
67342,Solyc05g005740.3,pme2527,-
67355,Solyc05g008770.3,pme2527,-
67356,Solyc05g008990.3,pme2527,-
67372,Solyc05g013750.3,pme2527,-
67373,Solyc05g014240.3,pme2527,-
67397,Solyc05g052050.1,pme2527,-
67403,Solyc05g053510.2,pme2527,-
67480,Solyc06g075190.1,pme2527,-
67484,Solyc06g076070.1,pme2527,-
67490,Solyc06g083330.2,pme2527,-
67495,Solyc07g006670.1,pme2527,-
67586,Solyc08g075450.3,pme2527,-
67587,Solyc08g075470.3,pme2527,-
67590,Solyc08g076493.1,pme2527,-
67591,Solyc08g076497.1,pme2527,-
67609,Solyc08g080100.3,pme2527,-
67635,Solyc09g010680.3,pme2527,-
67641,Solyc09g011640.4,pme2527,-
67651,Solyc09g018630.3,pme2527,-
67709,Solyc10g050510.1,pme2527,-
67720,Solyc10g076500.2,pme2527,-
67727,Solyc10g078600.2,pme2527,-
67750,Solyc10g085860.1,pme2527,-
67805,Solyc11g069040.3,pme2527,-
67813,Solyc11g071450.2,pme2527,-
67859,Solyc12g056460.2,pme2527,-
67869,Solyc12g088400.1,pme2527,-
67871,Solyc12g088880.2,pme2527,-
67880,Solyc12g098910.2,pme2527,-
68666,Solyc01g005680.3,pmf0245,-
68707,Solyc01g080540.3,pmf0245,-
68721,Solyc01g090910.3,pmf0245,-
68729,Solyc01g092950.3,pmf0245,-
68783,Solyc01g106350.3,pmf0245,-
68815,Solyc02g031750.3,pmf0245,-
68831,Solyc02g067610.1,pmf0245,-
68840,Solyc02g069370.3,pmf0245,-
68874,Solyc02g079230.3,pmf0245,-
68878,Solyc02g079360.2,pmf0245,-
68882,Solyc02g079760.3,pmf0245,-
68982,Solyc03g077925.1,pmf0245,-
68997,Solyc03g093800.1,pmf0245,-
69017,Solyc03g113960.3,pmf0245,-
69037,Solyc03g115940.3,pmf0245,-
69046,Solyc03g118880.3,pmf0245,-
69072,Solyc04g007075.1,pmf0245,-
69100,Solyc04g049080.3,pmf0245,-
69129,Solyc04g076280.3,pmf0245,-
69130,Solyc04g077010.3,pmf0245,-
69139,Solyc04g078630.3,pmf0245,-
69142,Solyc04g078930.3,pmf0245,-
69148,Solyc04g080310.1,pmf0245,-
69169,Solyc05g005150.1,pmf0245,-
69170,Solyc05g005740.3,pmf0245,-
69205,Solyc05g013750.3,pmf0245,-
69207,Solyc05g014240.3,pmf0245,-
69344,Solyc06g075190.1,pmf0245,-
69482,Solyc08g075450.3,pmf0245,-
69487,Solyc08g076497.1,pmf0245,-
69532,Solyc09g010680.3,pmf0245,-
69537,Solyc09g011640.4,pmf0245,-
69562,Solyc09g064742.1,pmf0245,-
69621,Solyc10g050510.1,pmf0245,-
69634,Solyc10g076500.2,pmf0245,-
69643,Solyc10g078600.2,pmf0245,-
69737,Solyc11g071450.2,pmf0245,-
69782,Solyc12g056460.2,pmf0245,-
69793,Solyc12g088400.1,pmf0245,-
69795,Solyc12g088880.2,pmf0245,-
69801,Solyc12g098910.2,pmf0245,-
71098,Solyc01g005680.3,pmf0260,-
71141,Solyc01g080540.3,pmf0260,-
71152,Solyc01g090910.3,pmf0260,-
71159,Solyc01g092950.3,pmf0260,-
71199,Solyc01g106350.3,pmf0260,-
71221,Solyc02g031750.3,pmf0260,-
71233,Solyc02g067610.1,pmf0260,-
71246,Solyc02g069350.3,pmf0260,-
71247,Solyc02g069370.3,pmf0260,-
71268,Solyc02g079230.3,pmf0260,-
71271,Solyc02g079760.3,pmf0260,-
71320,Solyc02g093230.3,pmf0260,-
71353,Solyc03g077925.1,pmf0260,-
71362,Solyc03g093800.1,pmf0260,-
71383,Solyc03g113960.3,pmf0260,-
71396,Solyc03g115940.3,pmf0260,-
71401,Solyc03g118880.3,pmf0260,-
71416,Solyc04g007075.1,pmf0260,-
71425,Solyc04g016270.2,pmf0260,-
71434,Solyc04g049080.3,pmf0260,-
71449,Solyc04g076280.3,pmf0260,-
71451,Solyc04g077010.3,pmf0260,-
71456,Solyc04g078630.3,pmf0260,-
71459,Solyc04g078930.3,pmf0260,-
71461,Solyc04g079080.2,pmf0260,-
71478,Solyc05g005150.1,pmf0260,-
71481,Solyc05g005740.3,pmf0260,-
71492,Solyc05g008770.3,pmf0260,-
71494,Solyc05g008990.3,pmf0260,-
71510,Solyc05g013750.3,pmf0260,-
71511,Solyc05g014240.3,pmf0260,-
71534,Solyc05g052050.1,pmf0260,-
71540,Solyc05g053510.2,pmf0260,-
71615,Solyc06g075190.1,pmf0260,-
71618,Solyc06g076070.1,pmf0260,-
71624,Solyc06g083330.2,pmf0260,-
71629,Solyc07g006670.1,pmf0260,-
71717,Solyc08g075450.3,pmf0260,-
71718,Solyc08g075470.3,pmf0260,-
71721,Solyc08g076493.1,pmf0260,-
71722,Solyc08g076497.1,pmf0260,-
71740,Solyc08g080100.3,pmf0260,-
71766,Solyc09g010680.3,pmf0260,-
71772,Solyc09g011640.4,pmf0260,-
71781,Solyc09g018630.3,pmf0260,-
71839,Solyc10g050510.1,pmf0260,-
71849,Solyc10g076500.2,pmf0260,-
71855,Solyc10g078600.2,pmf0260,-
71881,Solyc10g085860.1,pmf0260,-
71938,Solyc11g069040.3,pmf0260,-
71945,Solyc11g071450.2,pmf0260,-
71991,Solyc12g056460.2,pmf0260,-
72000,Solyc12g088400.1,pmf0260,-
72002,Solyc12g088880.2,pmf0260,-
72010,Solyc12g098910.2,pmf0260,-
72377,Solyc01g005680.3,pmf0277,-
72419,Solyc01g073725.1,pmf0277,-
72433,Solyc01g080540.3,pmf0277,-
72453,Solyc01g090910.3,pmf0277,-
72460,Solyc01g092950.3,pmf0277,-
72495,Solyc01g100210.3,pmf0277,-
72524,Solyc01g106350.3,pmf0277,-
72556,Solyc02g031750.3,pmf0277,-
72582,Solyc02g067610.1,pmf0277,-
72597,Solyc02g069350.3,pmf0277,-
72598,Solyc02g069370.3,pmf0277,-
72629,Solyc02g079230.3,pmf0277,-
72632,Solyc02g079360.2,pmf0277,-
72634,Solyc02g079760.3,pmf0277,-
72648,Solyc02g083570.3,pmf0277,-
72736,Solyc03g034020.3,pmf0277,-
72752,Solyc03g077925.1,pmf0277,-
72771,Solyc03g093800.1,pmf0277,-
72806,Solyc03g113960.3,pmf0277,-
72828,Solyc03g115940.3,pmf0277,-
72836,Solyc03g118880.3,pmf0277,-
72864,Solyc04g007075.1,pmf0277,-
72875,Solyc04g009515.1,pmf0277,-
72887,Solyc04g016270.2,pmf0277,-
72896,Solyc04g049080.3,pmf0277,-
72918,Solyc04g076280.3,pmf0277,-
72920,Solyc04g077010.3,pmf0277,-
72924,Solyc04g077230.1,pmf0277,-
72931,Solyc04g078630.3,pmf0277,-
72934,Solyc04g078930.3,pmf0277,-
72937,Solyc04g079080.2,pmf0277,-
72943,Solyc04g080310.1,pmf0277,-
72960,Solyc05g005150.1,pmf0277,-
72962,Solyc05g005740.3,pmf0277,-
72986,Solyc05g008770.3,pmf0277,-
72988,Solyc05g008990.3,pmf0277,-
73010,Solyc05g013750.3,pmf0277,-
73012,Solyc05g014240.3,pmf0277,-
73053,Solyc05g053510.2,pmf0277,-
73073,Solyc05g056440.2,pmf0277,-
73172,Solyc06g075190.1,pmf0277,-
73176,Solyc06g076070.1,pmf0277,-
73185,Solyc06g083330.2,pmf0277,-
73194,Solyc07g006670.1,pmf0277,-
73251,Solyc07g055235.1,pmf0277,-
73310,Solyc08g062370.3,pmf0277,-
73338,Solyc08g075450.3,pmf0277,-
73339,Solyc08g075470.3,pmf0277,-
73344,Solyc08g076497.1,pmf0277,-
73367,Solyc08g080100.3,pmf0277,-
73406,Solyc09g010680.3,pmf0277,-
73412,Solyc09g011640.4,pmf0277,-
73423,Solyc09g018630.3,pmf0277,-
73441,Solyc09g064742.1,pmf0277,-
73526,Solyc10g050510.1,pmf0277,-
73541,Solyc10g076500.2,pmf0277,-
73551,Solyc10g078600.2,pmf0277,-
73586,Solyc10g085860.1,pmf0277,-
73674,Solyc11g069040.3,pmf0277,-
73684,Solyc11g071450.2,pmf0277,-
73751,Solyc12g056460.2,pmf0277,-
73768,Solyc12g088400.1,pmf0277,-
73772,Solyc12g088880.2,pmf0277,-
73785,Solyc12g098910.2,pmf0277,-
73807,Solyc01g005680.3,pmf0278,-
73848,Solyc01g073725.1,pmf0278,-
73861,Solyc01g080540.3,pmf0278,-
73876,Solyc01g090910.3,pmf0278,-
73882,Solyc01g092950.3,pmf0278,-
73916,Solyc01g100210.3,pmf0278,-
73944,Solyc01g106350.3,pmf0278,-
73970,Solyc02g031750.3,pmf0278,-
73992,Solyc02g067610.1,pmf0278,-
74005,Solyc02g069350.3,pmf0278,-
74006,Solyc02g069370.3,pmf0278,-
74031,Solyc02g079230.3,pmf0278,-
74034,Solyc02g079360.2,pmf0278,-
74036,Solyc02g079760.3,pmf0278,-
74048,Solyc02g083570.3,pmf0278,-
74125,Solyc03g034020.3,pmf0278,-
74139,Solyc03g077925.1,pmf0278,-
74156,Solyc03g093800.1,pmf0278,-
74183,Solyc03g113960.3,pmf0278,-
74203,Solyc03g115940.3,pmf0278,-
74210,Solyc03g118880.3,pmf0278,-
74235,Solyc04g007075.1,pmf0278,-
74244,Solyc04g009515.1,pmf0278,-
74253,Solyc04g016270.2,pmf0278,-
74259,Solyc04g049080.3,pmf0278,-
74281,Solyc04g076280.3,pmf0278,-
74283,Solyc04g077010.3,pmf0278,-
74286,Solyc04g077230.1,pmf0278,-
74293,Solyc04g078630.3,pmf0278,-
74296,Solyc04g078930.3,pmf0278,-
74299,Solyc04g079080.2,pmf0278,-
74304,Solyc04g080310.1,pmf0278,-
74320,Solyc05g005150.1,pmf0278,-
74322,Solyc05g005740.3,pmf0278,-
74341,Solyc05g008770.3,pmf0278,-
74342,Solyc05g008990.3,pmf0278,-
74361,Solyc05g013750.3,pmf0278,-
74363,Solyc05g014240.3,pmf0278,-
74399,Solyc05g053510.2,pmf0278,-
74415,Solyc05g056440.2,pmf0278,-
74503,Solyc06g075190.1,pmf0278,-
74506,Solyc06g076070.1,pmf0278,-
74514,Solyc06g083330.2,pmf0278,-
74521,Solyc07g006670.1,pmf0278,-
74567,Solyc07g055235.1,pmf0278,-
74619,Solyc08g062370.3,pmf0278,-
74643,Solyc08g075450.3,pmf0278,-
74644,Solyc08g075470.3,pmf0278,-
74647,Solyc08g076497.1,pmf0278,-
74666,Solyc08g080100.3,pmf0278,-
74697,Solyc09g010680.3,pmf0278,-
74702,Solyc09g011640.4,pmf0278,-
74710,Solyc09g018630.3,pmf0278,-
74728,Solyc09g064742.1,pmf0278,-
74798,Solyc10g050510.1,pmf0278,-
74812,Solyc10g076500.2,pmf0278,-
74822,Solyc10g078600.2,pmf0278,-
74852,Solyc10g085860.1,pmf0278,-
74924,Solyc11g069040.3,pmf0278,-
74933,Solyc11g071450.2,pmf0278,-
74990,Solyc12g056460.2,pmf0278,-
75005,Solyc12g088400.1,pmf0278,-
75008,Solyc12g088880.2,pmf0278,-
75018,Solyc12g098910.2,pmf0278,-
75040,Solyc01g005680.3,pmf0283,-
75087,Solyc01g073725.1,pmf0283,-
75097,Solyc01g080540.3,pmf0283,-
75103,Solyc01g087830.1,pmf0283,-
75114,Solyc01g090910.3,pmf0283,-
75120,Solyc01g092950.3,pmf0283,-
75148,Solyc01g100210.3,pmf0283,-
75177,Solyc01g106350.3,pmf0283,-
75210,Solyc02g031750.3,pmf0283,-
75232,Solyc02g067600.1,pmf0283,-
75233,Solyc02g067610.1,pmf0283,-
75243,Solyc02g069350.3,pmf0283,-
75244,Solyc02g069370.3,pmf0283,-
75275,Solyc02g079230.3,pmf0283,-
75278,Solyc02g079360.2,pmf0283,-
75282,Solyc02g079760.3,pmf0283,-
75298,Solyc02g083570.3,pmf0283,-
75312,Solyc02g086950.1,pmf0283,-
75348,Solyc02g093250.3,pmf0283,-
75384,Solyc03g034020.3,pmf0283,-
75397,Solyc03g077925.1,pmf0283,-
75418,Solyc03g093800.1,pmf0283,-
75442,Solyc03g113960.3,pmf0283,-
75462,Solyc03g115940.3,pmf0283,-
75475,Solyc03g118880.3,pmf0283,-
75500,Solyc04g007075.1,pmf0283,-
75512,Solyc04g009515.1,pmf0283,-
75536,Solyc04g049080.3,pmf0283,-
75569,Solyc04g076280.3,pmf0283,-
75571,Solyc04g077010.3,pmf0283,-
75572,Solyc04g077230.1,pmf0283,-
75579,Solyc04g078630.3,pmf0283,-
75583,Solyc04g078930.3,pmf0283,-
75585,Solyc04g079080.2,pmf0283,-
75593,Solyc04g080310.1,pmf0283,-
75618,Solyc05g005150.1,pmf0283,-
75620,Solyc05g005740.3,pmf0283,-
75631,Solyc05g007470.3,pmf0283,-
75636,Solyc05g008770.3,pmf0283,-
75638,Solyc05g008990.3,pmf0283,-
75643,Solyc05g009640.3,pmf0283,-
75666,Solyc05g013750.3,pmf0283,-
75668,Solyc05g014240.3,pmf0283,-
75708,Solyc05g053510.2,pmf0283,-
75724,Solyc05g056440.2,pmf0283,-
75746,Solyc06g010010.2,pmf0283,-
75832,Solyc06g075190.1,pmf0283,-
75839,Solyc06g076070.1,pmf0283,-
75846,Solyc06g083330.2,pmf0283,-
75863,Solyc07g006670.1,pmf0283,-
75927,Solyc07g055235.1,pmf0283,-
76021,Solyc08g075450.3,pmf0283,-
76022,Solyc08g075470.3,pmf0283,-
76026,Solyc08g076497.1,pmf0283,-
76046,Solyc08g080100.3,pmf0283,-
76086,Solyc09g010680.3,pmf0283,-
76096,Solyc09g011640.4,pmf0283,-
76106,Solyc09g018630.3,pmf0283,-
76118,Solyc09g064742.1,pmf0283,-
76208,Solyc10g050510.1,pmf0283,-
76226,Solyc10g076500.2,pmf0283,-
76235,Solyc10g078600.2,pmf0283,-
76260,Solyc10g085860.1,pmf0283,-
76348,Solyc11g069040.3,pmf0283,-
76364,Solyc11g071450.2,pmf0283,-
76393,Solyc12g010710.1,pmf0283,-
76396,Solyc12g013570.2,pmf0283,-
76427,Solyc12g049360.2,pmf0283,-
76434,Solyc12g056460.2,pmf0283,-
76452,Solyc12g088400.1,pmf0283,-
76456,Solyc12g088880.2,pmf0283,-
76459,Solyc12g094390.1,pmf0283,-
76471,Solyc12g098910.2,pmf0283,-
76550,Solyc01g080540.3,pmf0290,-
76574,Solyc01g090910.3,pmf0290,-
76583,Solyc01g092950.3,pmf0290,-
76651,Solyc01g106350.3,pmf0290,-
76723,Solyc02g069350.3,pmf0290,-
76897,Solyc03g077925.1,pmf0290,-
77000,Solyc04g007075.1,pmf0290,-
77063,Solyc04g076280.3,pmf0290,-
77070,Solyc04g077010.3,pmf0290,-
77098,Solyc05g005150.1,pmf0290,-
77101,Solyc05g005740.3,pmf0290,-
77113,Solyc05g008770.3,pmf0290,-
77134,Solyc05g014240.3,pmf0290,-
77293,Solyc06g075190.1,pmf0290,-
77490,Solyc08g075450.3,pmf0290,-
77491,Solyc08g075470.3,pmf0290,-
77565,Solyc09g010680.3,pmf0290,-
77704,Solyc10g076500.2,pmf0290,-
77711,Solyc10g078600.2,pmf0290,-
77852,Solyc11g069040.3,pmf0290,-
77946,Solyc12g088880.2,pmf0290,-
79197,Solyc01g005680.3,pmf0514,-
79240,Solyc01g073725.1,pmf0514,-
79254,Solyc01g080540.3,pmf0514,-
79274,Solyc01g090910.3,pmf0514,-
79280,Solyc01g092950.3,pmf0514,-
79347,Solyc01g106350.3,pmf0514,-
79385,Solyc02g031750.3,pmf0514,-
79411,Solyc02g067610.1,pmf0514,-
79428,Solyc02g069350.3,pmf0514,-
79429,Solyc02g069370.3,pmf0514,-
79472,Solyc02g079230.3,pmf0514,-
79477,Solyc02g079360.2,pmf0514,-
79479,Solyc02g079760.3,pmf0514,-
79497,Solyc02g083570.3,pmf0514,-
79598,Solyc03g034020.3,pmf0514,-
79617,Solyc03g077925.1,pmf0514,-
79638,Solyc03g093800.1,pmf0514,-
79677,Solyc03g113960.3,pmf0514,-
79699,Solyc03g115940.3,pmf0514,-
79710,Solyc03g118880.3,pmf0514,-
79741,Solyc04g007075.1,pmf0514,-
79753,Solyc04g009515.1,pmf0514,-
79771,Solyc04g016270.2,pmf0514,-
79781,Solyc04g049080.3,pmf0514,-
79810,Solyc04g076280.3,pmf0514,-
79812,Solyc04g077010.3,pmf0514,-
79822,Solyc04g078630.3,pmf0514,-
79825,Solyc04g078930.3,pmf0514,-
79833,Solyc04g080310.1,pmf0514,-
79852,Solyc05g005150.1,pmf0514,-
79854,Solyc05g005740.3,pmf0514,-
79879,Solyc05g008770.3,pmf0514,-
79880,Solyc05g008990.3,pmf0514,-
79905,Solyc05g013750.3,pmf0514,-
79907,Solyc05g014240.3,pmf0514,-
79950,Solyc05g053510.2,pmf0514,-
79974,Solyc05g056440.2,pmf0514,-
80086,Solyc06g075190.1,pmf0514,-
80101,Solyc06g083330.2,pmf0514,-
80114,Solyc07g006670.1,pmf0514,-
80172,Solyc07g055235.1,pmf0514,-
80268,Solyc08g075450.3,pmf0514,-
80269,Solyc08g075470.3,pmf0514,-
80276,Solyc08g076497.1,pmf0514,-
80304,Solyc08g080100.3,pmf0514,-
80343,Solyc09g010680.3,pmf0514,-
80349,Solyc09g011640.4,pmf0514,-
80359,Solyc09g018630.3,pmf0514,-
80383,Solyc09g064742.1,pmf0514,-
80459,Solyc10g050510.1,pmf0514,-
80475,Solyc10g076500.2,pmf0514,-
80486,Solyc10g078600.2,pmf0514,-
80615,Solyc11g069040.3,pmf0514,-
80626,Solyc11g071450.2,pmf0514,-
80689,Solyc12g056460.2,pmf0514,-
80706,Solyc12g088400.1,pmf0514,-
80709,Solyc12g088880.2,pmf0514,-
80720,Solyc12g098910.2,pmf0514,-
114733,Solyc01g005680.3,pmf0481,-
114757,Solyc01g080540.3,pmf0481,-
114766,Solyc01g090910.3,pmf0481,-
114771,Solyc01g092950.3,pmf0481,-
114798,Solyc01g106350.3,pmf0481,-
114817,Solyc02g031750.3,pmf0481,-
114830,Solyc02g069350.3,pmf0481,-
114831,Solyc02g069370.3,pmf0481,-
114845,Solyc02g079230.3,pmf0481,-
114846,Solyc02g079360.2,pmf0481,-
114847,Solyc02g079760.3,pmf0481,-
114855,Solyc02g083570.3,pmf0481,-
114914,Solyc03g093800.1,pmf0481,-
114926,Solyc03g113960.3,pmf0481,-
114934,Solyc03g115940.3,pmf0481,-
114939,Solyc03g118880.3,pmf0481,-
114949,Solyc04g007075.1,pmf0481,-
114955,Solyc04g009515.1,pmf0481,-
114959,Solyc04g016270.2,pmf0481,-
114963,Solyc04g049080.3,pmf0481,-
114978,Solyc04g076280.3,pmf0481,-
114979,Solyc04g077010.3,pmf0481,-
114982,Solyc04g078630.3,pmf0481,-
114984,Solyc04g078930.3,pmf0481,-
114990,Solyc04g080310.1,pmf0481,-
114999,Solyc05g005150.1,pmf0481,-
115002,Solyc05g005740.3,pmf0481,-
115023,Solyc05g014240.3,pmf0481,-
115035,Solyc05g053510.2,pmf0481,-
115087,Solyc06g075190.1,pmf0481,-
115093,Solyc07g006670.1,pmf0481,-
115152,Solyc08g075450.3,pmf0481,-
115154,Solyc08g076497.1,pmf0481,-
115161,Solyc08g080100.3,pmf0481,-
115180,Solyc09g010680.3,pmf0481,-
115183,Solyc09g011640.4,pmf0481,-
115186,Solyc09g018630.3,pmf0481,-
115193,Solyc09g064742.1,pmf0481,-
115237,Solyc10g078600.2,pmf0481,-
115286,Solyc11g069040.3,pmf0481,-
115288,Solyc11g071450.2,pmf0481,-
115320,Solyc12g056460.2,pmf0481,-
115330,Solyc12g088880.2,pmf0481,-
224769,Solyc01g080540.3,pmb2826,-
224796,Solyc01g090910.3,pmb2826,-
224805,Solyc01g092950.3,pmb2826,-
224880,Solyc01g106350.3,pmb2826,-
224915,Solyc02g031750.3,pmb2826,-
224948,Solyc02g069350.3,pmb2826,-
224990,Solyc02g079230.3,pmb2826,-
224992,Solyc02g079760.3,pmb2826,-
225135,Solyc03g077925.1,pmb2826,-
225215,Solyc03g115940.3,pmb2826,-
225236,Solyc03g118880.3,pmb2826,-
225264,Solyc04g007075.1,pmb2826,-
225290,Solyc04g049080.3,pmb2826,-
225319,Solyc04g076280.3,pmb2826,-
225324,Solyc04g077010.3,pmb2826,-
225335,Solyc04g078930.3,pmb2826,-
225365,Solyc05g005150.1,pmb2826,-
225367,Solyc05g005740.3,pmb2826,-
225390,Solyc05g008770.3,pmb2826,-
225418,Solyc05g014240.3,pmb2826,-
225453,Solyc05g052050.1,pmb2826,-
225593,Solyc06g075190.1,pmb2826,-
225629,Solyc07g006670.1,pmb2826,-
225752,Solyc08g062370.3,pmb2826,-
225783,Solyc08g075450.3,pmb2826,-
225784,Solyc08g075470.3,pmb2826,-
225811,Solyc08g080100.3,pmb2826,-
225853,Solyc09g010680.3,pmb2826,-
225861,Solyc09g011640.4,pmb2826,-
225983,Solyc10g050510.1,pmb2826,-
225997,Solyc10g076500.2,pmb2826,-
226006,Solyc10g078600.2,pmb2826,-
226148,Solyc11g069040.3,pmb2826,-
226160,Solyc11g071450.2,pmb2826,-
226238,Solyc12g056460.2,pmb2826,-
226255,Solyc12g088880.2,pmb2826,-
228116,Solyc01g005680.3,pme0274,-
228150,Solyc01g080540.3,pme0274,-
228162,Solyc01g090910.3,pme0274,-
228167,Solyc01g092950.3,pme0274,-
228188,Solyc01g100210.3,pme0274,-
228208,Solyc01g106350.3,pme0274,-
228228,Solyc02g031750.3,pme0274,-
228243,Solyc02g067610.1,pme0274,-
228249,Solyc02g069350.3,pme0274,-
228250,Solyc02g069370.3,pme0274,-
228268,Solyc02g079230.3,pme0274,-
228272,Solyc02g079360.2,pme0274,-
228274,Solyc02g079760.3,pme0274,-
228344,Solyc03g077925.1,pme0274,-
228356,Solyc03g093800.1,pme0274,-
228372,Solyc03g113960.3,pme0274,-
228385,Solyc03g115940.3,pme0274,-
228392,Solyc03g118880.3,pme0274,-
228415,Solyc04g007075.1,pme0274,-
228424,Solyc04g009515.1,pme0274,-
228435,Solyc04g049080.3,pme0274,-
228450,Solyc04g076280.3,pme0274,-
228452,Solyc04g077010.3,pme0274,-
228459,Solyc04g078630.3,pme0274,-
228461,Solyc04g078930.3,pme0274,-
228468,Solyc04g080310.1,pme0274,-
228479,Solyc05g005150.1,pme0274,-
228481,Solyc05g005740.3,pme0274,-
228495,Solyc05g008990.3,pme0274,-
228510,Solyc05g013750.3,pme0274,-
228512,Solyc05g014240.3,pme0274,-
228542,Solyc05g053510.2,pme0274,-
228555,Solyc05g056440.2,pme0274,-
228613,Solyc06g076070.1,pme0274,-
228616,Solyc06g083330.2,pme0274,-
228623,Solyc07g006670.1,pme0274,-
228713,Solyc08g075450.3,pme0274,-
228718,Solyc08g076497.1,pme0274,-
228733,Solyc08g080100.3,pme0274,-
228754,Solyc09g010680.3,pme0274,-
228759,Solyc09g011640.4,pme0274,-
228767,Solyc09g018630.3,pme0274,-
228780,Solyc09g064742.1,pme0274,-
228824,Solyc10g050510.1,pme0274,-
228836,Solyc10g076500.2,pme0274,-
228844,Solyc10g078600.2,pme0274,-
228921,Solyc11g071450.2,pme0274,-
228965,Solyc12g056460.2,pme0274,-
228976,Solyc12g088400.1,pme0274,-
228978,Solyc12g088880.2,pme0274,-
228984,Solyc12g098910.2,pme0274,-
229043,Solyc01g080540.3,pme0281,-
229062,Solyc01g090910.3,pme0281,-
229068,Solyc01g092950.3,pme0281,-
229119,Solyc01g106350.3,pme0281,-
229144,Solyc02g031750.3,pme0281,-
229176,Solyc02g069350.3,pme0281,-
229202,Solyc02g079230.3,pme0281,-
229206,Solyc02g079760.3,pme0281,-
229300,Solyc03g034020.3,pme0281,-
229316,Solyc03g077925.1,pme0281,-
229372,Solyc03g115940.3,pme0281,-
229405,Solyc04g007075.1,pme0281,-
229456,Solyc04g076280.3,pme0281,-
229459,Solyc04g077010.3,pme0281,-
229467,Solyc04g078930.3,pme0281,-
229489,Solyc05g005150.1,pme0281,-
229491,Solyc05g005740.3,pme0281,-
229509,Solyc05g008770.3,pme0281,-
229531,Solyc05g013750.3,pme0281,-
229533,Solyc05g014240.3,pme0281,-
229567,Solyc05g052050.1,pme0281,-
229660,Solyc06g075190.1,pme0281,-
229817,Solyc08g075450.3,pme0281,-
229818,Solyc08g075470.3,pme0281,-
229821,Solyc08g076493.1,pme0281,-
229822,Solyc08g076497.1,pme0281,-
229866,Solyc09g010680.3,pme0281,-
229872,Solyc09g011640.4,pme0281,-
229884,Solyc09g018630.3,pme0281,-
229974,Solyc10g050510.1,pme0281,-
229986,Solyc10g076500.2,pme0281,-
229994,Solyc10g078600.2,pme0281,-
230103,Solyc11g069040.3,pme0281,-
230115,Solyc11g071450.2,pme0281,-
230176,Solyc12g056460.2,pme0281,-
230184,Solyc12g088400.1,pme0281,-
230186,Solyc12g088880.2,pme0281,-
230276,Solyc01g080540.3,pme0282,-
230300,Solyc01g090910.3,pme0282,-
230306,Solyc01g092950.3,pme0282,-
230370,Solyc01g106350.3,pme0282,-
230444,Solyc02g069350.3,pme0282,-
230616,Solyc03g077925.1,pme0282,-
230687,Solyc03g115940.3,pme0282,-
230726,Solyc04g007075.1,pme0282,-
230781,Solyc04g076280.3,pme0282,-
230789,Solyc04g077010.3,pme0282,-
230813,Solyc05g005150.1,pme0282,-
230815,Solyc05g005740.3,pme0282,-
230835,Solyc05g008770.3,pme0282,-
230859,Solyc05g014240.3,pme0282,-
230895,Solyc05g052050.1,pme0282,-
231021,Solyc06g075190.1,pme0282,-
231216,Solyc08g075450.3,pme0282,-
231217,Solyc08g075470.3,pme0282,-
231275,Solyc09g010680.3,pme0282,-
231402,Solyc10g076500.2,pme0282,-
231409,Solyc10g078600.2,pme0282,-
231538,Solyc11g069040.3,pme0282,-
231549,Solyc11g071450.2,pme0282,-
231625,Solyc12g056460.2,pme0282,-
231637,Solyc12g088880.2,pme0282,-
233396,Solyc01g005680.3,pme0291,-
233425,Solyc01g080540.3,pme0291,-
233433,Solyc01g090910.3,pme0291,-
233437,Solyc01g092950.3,pme0291,-
233465,Solyc01g106350.3,pme0291,-
233479,Solyc02g031750.3,pme0291,-
233490,Solyc02g067610.1,pme0291,-
233499,Solyc02g069350.3,pme0291,-
233500,Solyc02g069370.3,pme0291,-
233512,Solyc02g079230.3,pme0291,-
233514,Solyc02g079760.3,pme0291,-
233569,Solyc03g034020.3,pme0291,-
233574,Solyc03g077925.1,pme0291,-
233581,Solyc03g093800.1,pme0291,-
233596,Solyc03g113960.3,pme0291,-
233604,Solyc03g115940.3,pme0291,-
233609,Solyc03g118880.3,pme0291,-
233619,Solyc04g007075.1,pme0291,-
233633,Solyc04g049080.3,pme0291,-
233646,Solyc04g076280.3,pme0291,-
233647,Solyc04g077010.3,pme0291,-
233653,Solyc04g078930.3,pme0291,-
233669,Solyc05g005150.1,pme0291,-
233670,Solyc05g005740.3,pme0291,-
233684,Solyc05g008770.3,pme0291,-
233685,Solyc05g008990.3,pme0291,-
233696,Solyc05g013750.3,pme0291,-
233699,Solyc05g014240.3,pme0291,-
233720,Solyc05g052050.1,pme0291,-
233725,Solyc05g053510.2,pme0291,-
233791,Solyc06g083330.2,pme0291,-
233796,Solyc07g006670.1,pme0291,-
233856,Solyc08g075450.3,pme0291,-
233857,Solyc08g075470.3,pme0291,-
233860,Solyc08g076497.1,pme0291,-
233872,Solyc08g080100.3,pme0291,-
233886,Solyc09g010680.3,pme0291,-
233891,Solyc09g011640.4,pme0291,-
233897,Solyc09g018630.3,pme0291,-
233947,Solyc10g050510.1,pme0291,-
233956,Solyc10g076500.2,pme0291,-
233959,Solyc10g078600.2,pme0291,-
234022,Solyc11g071450.2,pme0291,-
234060,Solyc12g056460.2,pme0291,-
234068,Solyc12g088400.1,pme0291,-
234069,Solyc12g088880.2,pme0291,-
234072,Solyc12g098910.2,pme0291,-
237429,Solyc01g080540.3,pme0486,+
237514,Solyc01g100210.3,pme0486,+
237648,Solyc02g067610.1,pme0486,+
237697,Solyc02g079230.3,pme0486,+
237699,Solyc02g079760.3,pme0486,+
237964,Solyc03g118880.3,pme0486,+
237994,Solyc04g007075.1,pme0486,+
238006,Solyc04g009430.3,pme0486,-
238032,Solyc04g049080.3,pme0486,+
238070,Solyc04g076280.3,pme0486,+
238083,Solyc04g078630.3,pme0486,+
238110,Solyc05g005150.1,pme0486,+
238114,Solyc05g005740.3,pme0486,+
238153,Solyc05g014240.3,pme0486,+
238352,Solyc06g075190.1,pme0486,+
238547,Solyc08g062370.3,pme0486,+
238579,Solyc08g075470.3,pme0486,+
238639,Solyc09g010680.3,pme0486,+
238790,Solyc10g078600.2,pme0486,+
239047,Solyc12g088880.2,pme0486,+
245850,Solyc01g080540.3,pme2050,-
245876,Solyc01g090910.3,pme2050,-
245886,Solyc01g092950.3,pme2050,-
245966,Solyc01g106350.3,pme2050,-
246002,Solyc02g031750.3,pme2050,-
246036,Solyc02g069350.3,pme2050,-
246078,Solyc02g079230.3,pme2050,-
246080,Solyc02g079760.3,pme2050,-
246212,Solyc03g077925.1,pme2050,-
246297,Solyc03g115940.3,pme2050,-
246317,Solyc03g118880.3,pme2050,-
246348,Solyc04g007075.1,pme2050,-
246362,Solyc04g009515.1,pme2050,-
246383,Solyc04g049080.3,pme2050,-
246418,Solyc04g076280.3,pme2050,-
246422,Solyc04g077010.3,pme2050,-
246435,Solyc04g078930.3,pme2050,-
246465,Solyc05g005150.1,pme2050,-
246467,Solyc05g005740.3,pme2050,-
246492,Solyc05g008770.3,pme2050,-
246519,Solyc05g014240.3,pme2050,-
246555,Solyc05g052050.1,pme2050,-
246565,Solyc05g053510.2,pme2050,-
246703,Solyc06g075190.1,pme2050,-
246734,Solyc07g006670.1,pme2050,-
246873,Solyc08g062370.3,pme2050,-
246907,Solyc08g075450.3,pme2050,-
246908,Solyc08g075470.3,pme2050,-
246938,Solyc08g080100.3,pme2050,-
246977,Solyc09g010680.3,pme2050,-
246984,Solyc09g011640.4,pme2050,-
246998,Solyc09g018630.3,pme2050,-
247108,Solyc10g050510.1,pme2050,-
247120,Solyc10g076500.2,pme2050,-
247130,Solyc10g078600.2,pme2050,-
247275,Solyc11g069040.3,pme2050,-
247288,Solyc11g071450.2,pme2050,-
247363,Solyc12g056460.2,pme2050,-
247380,Solyc12g088880.2,pme2050,-
263191,Solyc01g080540.3,pmf0233,-
263206,Solyc01g090910.3,pmf0233,-
263210,Solyc01g092950.3,pmf0233,-
263257,Solyc01g106350.3,pmf0233,-
263277,Solyc02g031750.3,pmf0233,-
263303,Solyc02g069350.3,pmf0233,-
263432,Solyc03g077925.1,pmf0233,-
263507,Solyc04g007075.1,pmf0233,-
263548,Solyc04g076280.3,pmf0233,-
263553,Solyc04g077010.3,pmf0233,-
263573,Solyc05g005150.1,pmf0233,-
263575,Solyc05g005740.3,pmf0233,-
263582,Solyc05g008770.3,pmf0233,-
263599,Solyc05g014240.3,pmf0233,-
263625,Solyc05g052050.1,pmf0233,-
263711,Solyc06g075190.1,pmf0233,-
263828,Solyc08g062370.3,pmf0233,-
263850,Solyc08g075450.3,pmf0233,-
263851,Solyc08g075470.3,pmf0233,-
263890,Solyc09g010680.3,pmf0233,-
263989,Solyc10g076500.2,pmf0233,-
263992,Solyc10g078600.2,pmf0233,-
264093,Solyc11g069040.3,pmf0233,-
264100,Solyc11g071450.2,pmf0233,-
264159,Solyc12g056460.2,pmf0233,-
264168,Solyc12g088880.2,pmf0233,-
265158,Solyc01g005680.3,pmf0317,-
265189,Solyc01g080540.3,pmf0317,-
265194,Solyc01g090910.3,pmf0317,-
265198,Solyc01g092950.3,pmf0317,-
265239,Solyc02g031750.3,pmf0317,-
265246,Solyc02g067610.1,pmf0317,-
265254,Solyc02g069350.3,pmf0317,-
265255,Solyc02g069370.3,pmf0317,-
265268,Solyc02g079230.3,pmf0317,-
265272,Solyc02g079760.3,pmf0317,-
265321,Solyc03g034020.3,pmf0317,-
265328,Solyc03g077925.1,pmf0317,-
265343,Solyc03g113960.3,pmf0317,-
265352,Solyc03g115940.3,pmf0317,-
265354,Solyc03g118880.3,pmf0317,-
265364,Solyc04g007075.1,pmf0317,-
265369,Solyc04g009515.1,pmf0317,-
265374,Solyc04g049080.3,pmf0317,-
265388,Solyc04g076280.3,pmf0317,-
265389,Solyc04g077010.3,pmf0317,-
265391,Solyc04g078630.3,pmf0317,-
265393,Solyc04g078930.3,pmf0317,-
265406,Solyc05g005150.1,pmf0317,-
265407,Solyc05g005740.3,pmf0317,-
265415,Solyc05g008770.3,pmf0317,-
265416,Solyc05g008990.3,pmf0317,-
265427,Solyc05g013750.3,pmf0317,-
265429,Solyc05g014240.3,pmf0317,-
265449,Solyc05g052050.1,pmf0317,-
265498,Solyc06g083330.2,pmf0317,-
265501,Solyc07g006670.1,pmf0317,-
265557,Solyc08g075450.3,pmf0317,-
265558,Solyc08g075470.3,pmf0317,-
265562,Solyc08g076493.1,pmf0317,-
265563,Solyc08g076497.1,pmf0317,-
265576,Solyc08g080100.3,pmf0317,-
265595,Solyc09g010680.3,pmf0317,-
265602,Solyc09g011640.4,pmf0317,-
265607,Solyc09g018630.3,pmf0317,-
265640,Solyc10g050510.1,pmf0317,-
265648,Solyc10g076500.2,pmf0317,-
265653,Solyc10g078600.2,pmf0317,-
265703,Solyc11g071450.2,pmf0317,-
265732,Solyc12g056460.2,pmf0317,-
265740,Solyc12g088400.1,pmf0317,-
265742,Solyc12g088880.2,pmf0317,-
277198,Solyc01g100210.3,pmf0486,+
277205,Solyc02g031750.3,pmf0486,+
277209,Solyc02g067610.1,pmf0486,+
277213,Solyc02g069370.3,pmf0486,+
277221,Solyc02g079230.3,pmf0486,+
277222,Solyc02g079760.3,pmf0486,+
277232,Solyc02g093250.3,pmf0486,+
277237,Solyc03g077925.1,pmf0486,+
277248,Solyc03g115940.3,pmf0486,+
277255,Solyc04g009430.3,pmf0486,-
277260,Solyc04g076280.3,pmf0486,+
277261,Solyc04g078930.3,pmf0486,+
277268,Solyc05g005150.1,pmf0486,+
277269,Solyc05g005740.3,pmf0486,+
277301,Solyc06g075190.1,pmf0486,+
277340,Solyc10g050510.1,pmf0486,+
277343,Solyc10g076500.2,pmf0486,+
277346,Solyc10g078600.2,pmf0486,+
287362,Solyc01g005680.3,pmf0298,-
287404,Solyc01g080540.3,pmf0298,-
287415,Solyc01g090910.3,pmf0298,-
287419,Solyc01g092950.3,pmf0298,-
287446,Solyc01g100210.3,pmf0298,-
287467,Solyc01g106350.3,pmf0298,-
287488,Solyc02g031750.3,pmf0298,-
287505,Solyc02g067610.1,pmf0298,-
287517,Solyc02g069350.3,pmf0298,-
287518,Solyc02g069370.3,pmf0298,-
287541,Solyc02g079230.3,pmf0298,-
287544,Solyc02g079360.2,pmf0298,-
287546,Solyc02g079760.3,pmf0298,-
287556,Solyc02g083570.3,pmf0298,-
287625,Solyc03g034020.3,pmf0298,-
287634,Solyc03g077925.1,pmf0298,-
287647,Solyc03g093800.1,pmf0298,-
287673,Solyc03g113960.3,pmf0298,-
287686,Solyc03g115940.3,pmf0298,-
287692,Solyc03g118880.3,pmf0298,-
287713,Solyc04g007075.1,pmf0298,-
287719,Solyc04g009515.1,pmf0298,-
287725,Solyc04g016270.2,pmf0298,-
287730,Solyc04g049080.3,pmf0298,-
287753,Solyc04g076280.3,pmf0298,-
287755,Solyc04g077010.3,pmf0298,-
287760,Solyc04g078630.3,pmf0298,-
287763,Solyc04g078930.3,pmf0298,-
287766,Solyc04g079080.2,pmf0298,-
287771,Solyc04g080310.1,pmf0298,-
287785,Solyc05g005150.1,pmf0298,-
287786,Solyc05g005740.3,pmf0298,-
287805,Solyc05g008770.3,pmf0298,-
287806,Solyc05g008990.3,pmf0298,-
287822,Solyc05g013750.3,pmf0298,-
287824,Solyc05g014240.3,pmf0298,-
287854,Solyc05g053510.2,pmf0298,-
287872,Solyc05g056440.2,pmf0298,-
287950,Solyc06g075190.1,pmf0298,-
287960,Solyc06g083330.2,pmf0298,-
287966,Solyc07g006670.1,pmf0298,-
288003,Solyc07g055235.1,pmf0298,-
288070,Solyc08g075450.3,pmf0298,-
288071,Solyc08g075470.3,pmf0298,-
288073,Solyc08g076493.1,pmf0298,-
288074,Solyc08g076497.1,pmf0298,-
288091,Solyc08g080100.3,pmf0298,-
288115,Solyc09g010680.3,pmf0298,-
288121,Solyc09g011640.4,pmf0298,-
288128,Solyc09g018630.3,pmf0298,-
288143,Solyc09g064742.1,pmf0298,-
288201,Solyc10g050510.1,pmf0298,-
288213,Solyc10g076500.2,pmf0298,-
288221,Solyc10g078600.2,pmf0298,-
288247,Solyc10g085860.1,pmf0298,-
288311,Solyc11g071450.2,pmf0298,-
288360,Solyc12g056460.2,pmf0298,-
288372,Solyc12g088400.1,pmf0298,-
288374,Solyc12g088880.2,pmf0298,-
288376,Solyc12g094390.1,pmf0298,-
288383,Solyc12g098910.2,pmf0298,-
294284,Solyc01g005680.3,pmf0293,-
294329,Solyc01g073725.1,pmf0293,-
294343,Solyc01g080540.3,pmf0293,-
294354,Solyc01g087830.1,pmf0293,-
294366,Solyc01g090910.3,pmf0293,-
294372,Solyc01g092950.3,pmf0293,-
294409,Solyc01g100210.3,pmf0293,-
294444,Solyc01g106350.3,pmf0293,-
294485,Solyc02g031750.3,pmf0293,-
294514,Solyc02g067610.1,pmf0293,-
294531,Solyc02g069350.3,pmf0293,-
294532,Solyc02g069370.3,pmf0293,-
294577,Solyc02g079230.3,pmf0293,-
294581,Solyc02g079360.2,pmf0293,-
294583,Solyc02g079760.3,pmf0293,-
294602,Solyc02g083570.3,pmf0293,-
294709,Solyc03g034020.3,pmf0293,-
294728,Solyc03g077925.1,pmf0293,-
294749,Solyc03g093800.1,pmf0293,-
294790,Solyc03g113960.3,pmf0293,-
294812,Solyc03g115940.3,pmf0293,-
294823,Solyc03g118880.3,pmf0293,-
294854,Solyc04g007075.1,pmf0293,-
294866,Solyc04g009515.1,pmf0293,-
294884,Solyc04g016270.2,pmf0293,-
294896,Solyc04g049080.3,pmf0293,-
294927,Solyc04g076280.3,pmf0293,-
294929,Solyc04g077010.3,pmf0293,-
294939,Solyc04g078630.3,pmf0293,-
294942,Solyc04g078930.3,pmf0293,-
294950,Solyc04g080310.1,pmf0293,-
294969,Solyc05g005150.1,pmf0293,-
294971,Solyc05g005740.3,pmf0293,-
294997,Solyc05g008770.3,pmf0293,-
294998,Solyc05g008990.3,pmf0293,-
295024,Solyc05g013750.3,pmf0293,-
295026,Solyc05g014240.3,pmf0293,-
295070,Solyc05g053510.2,pmf0293,-
295098,Solyc05g056440.2,pmf0293,-
295217,Solyc06g075190.1,pmf0293,-
295233,Solyc06g083330.2,pmf0293,-
295246,Solyc07g006670.1,pmf0293,-
295310,Solyc07g055235.1,pmf0293,-
295378,Solyc08g062370.3,pmf0293,-
295412,Solyc08g075450.3,pmf0293,-
295413,Solyc08g075470.3,pmf0293,-
295420,Solyc08g076497.1,pmf0293,-
295448,Solyc08g080100.3,pmf0293,-
295491,Solyc09g010680.3,pmf0293,-
295498,Solyc09g011640.4,pmf0293,-
295508,Solyc09g018630.3,pmf0293,-
295532,Solyc09g064742.1,pmf0293,-
295616,Solyc10g050510.1,pmf0293,-
295633,Solyc10g076500.2,pmf0293,-
295645,Solyc10g078600.2,pmf0293,-
295787,Solyc11g069040.3,pmf0293,-
295798,Solyc11g071450.2,pmf0293,-
295873,Solyc12g056460.2,pmf0293,-
295891,Solyc12g088400.1,pmf0293,-
295894,Solyc12g088880.2,pmf0293,-
295906,Solyc12g098910.2,pmf0293,-
315015,Solyc01g005680.3,pmf0273,-
315062,Solyc01g073725.1,pmf0273,-
315077,Solyc01g080540.3,pmf0273,-
315087,Solyc01g087830.1,pmf0273,-
315099,Solyc01g090910.3,pmf0273,-
315105,Solyc01g092950.3,pmf0273,-
315176,Solyc01g106350.3,pmf0273,-
315216,Solyc02g031750.3,pmf0273,-
315244,Solyc02g067610.1,pmf0273,-
315261,Solyc02g069350.3,pmf0273,-
315262,Solyc02g069370.3,pmf0273,-
315309,Solyc02g079230.3,pmf0273,-
315313,Solyc02g079360.2,pmf0273,-
315315,Solyc02g079760.3,pmf0273,-
315336,Solyc02g083570.3,pmf0273,-
315445,Solyc03g034020.3,pmf0273,-
315464,Solyc03g077925.1,pmf0273,-
315487,Solyc03g093800.1,pmf0273,-
315529,Solyc03g113960.3,pmf0273,-
315551,Solyc03g115940.3,pmf0273,-
315562,Solyc03g118880.3,pmf0273,-
315594,Solyc04g007075.1,pmf0273,-
315607,Solyc04g009515.1,pmf0273,-
315626,Solyc04g016270.2,pmf0273,-
315637,Solyc04g049080.3,pmf0273,-
315672,Solyc04g076280.3,pmf0273,-
315674,Solyc04g077010.3,pmf0273,-
315684,Solyc04g078630.3,pmf0273,-
315687,Solyc04g078930.3,pmf0273,-
315695,Solyc04g080310.1,pmf0273,-
315715,Solyc05g005150.1,pmf0273,-
315717,Solyc05g005740.3,pmf0273,-
315742,Solyc05g008770.3,pmf0273,-
315745,Solyc05g008990.3,pmf0273,-
315771,Solyc05g013750.3,pmf0273,-
315773,Solyc05g014240.3,pmf0273,-
315817,Solyc05g053510.2,pmf0273,-
315844,Solyc05g056440.2,pmf0273,-
315965,Solyc06g075190.1,pmf0273,-
315982,Solyc06g083330.2,pmf0273,-
315995,Solyc07g006670.1,pmf0273,-
316059,Solyc07g055235.1,pmf0273,-
316130,Solyc08g062370.3,pmf0273,-
316165,Solyc08g075450.3,pmf0273,-
316166,Solyc08g075470.3,pmf0273,-
316175,Solyc08g076497.1,pmf0273,-
316205,Solyc08g080100.3,pmf0273,-
316249,Solyc09g010680.3,pmf0273,-
316256,Solyc09g011640.4,pmf0273,-
316268,Solyc09g018630.3,pmf0273,-
316291,Solyc09g064742.1,pmf0273,-
316377,Solyc10g050510.1,pmf0273,-
316393,Solyc10g076500.2,pmf0273,-
316405,Solyc10g078600.2,pmf0273,-
316550,Solyc11g069040.3,pmf0273,-
316562,Solyc11g071450.2,pmf0273,-
316636,Solyc12g056460.2,pmf0273,-
316653,Solyc12g088400.1,pmf0273,-
316657,Solyc12g088880.2,pmf0273,-
316669,Solyc12g098910.2,pmf0273,-
323289,Solyc01g087830.1,pmf0368,-
323303,Solyc02g031750.3,pmf0368,-
323305,Solyc02g067610.1,pmf0368,-
323317,Solyc02g079760.3,pmf0368,-
323337,Solyc03g077925.1,pmf0368,-
323342,Solyc03g113960.3,pmf0368,-
323344,Solyc03g115940.3,pmf0368,-
323362,Solyc04g076280.3,pmf0368,-
323367,Solyc05g005150.1,pmf0368,-
323368,Solyc05g005740.3,pmf0368,-
323397,Solyc06g075190.1,pmf0368,-
323399,Solyc06g076070.1,pmf0368,-
323421,Solyc08g075470.3,pmf0368,-
323448,Solyc10g050510.1,pmf0368,-
323467,Solyc11g071450.2,pmf0368,-
323475,Solyc12g088880.2,pmf0368,-
329463,Solyc01g005680.3,pmf0418,+
329504,Solyc01g087830.1,pmf0418,+
329508,Solyc01g090910.3,pmf0418,+
329529,Solyc01g100210.3,pmf0418,+
329572,Solyc02g031750.3,pmf0418,+
329579,Solyc02g067610.1,pmf0418,+
329587,Solyc02g069370.3,pmf0418,+
329606,Solyc02g079230.3,pmf0418,+
329608,Solyc02g079360.2,pmf0418,+
329609,Solyc02g079760.3,pmf0418,+
329625,Solyc02g086950.1,pmf0418,+
329648,Solyc02g093250.3,pmf0418,+
329681,Solyc03g077925.1,pmf0418,+
329690,Solyc03g093800.1,pmf0418,+
329705,Solyc03g113960.3,pmf0418,+
329715,Solyc03g115940.3,pmf0418,+
329738,Solyc04g007075.1,pmf0418,+
329751,Solyc04g009430.3,pmf0418,-
329767,Solyc04g049080.3,pmf0418,+
329787,Solyc04g076280.3,pmf0418,+
329789,Solyc04g077010.3,pmf0418,+
329794,Solyc04g078630.3,pmf0418,+
329798,Solyc04g078930.3,pmf0418,+
329802,Solyc04g080310.1,pmf0418,+
329820,Solyc05g005150.1,pmf0418,+
329822,Solyc05g005740.3,pmf0418,+
329831,Solyc05g007470.3,pmf0418,+
329840,Solyc05g009640.3,pmf0418,+
329852,Solyc05g014240.3,pmf0418,+
329899,Solyc06g010010.2,pmf0418,+
329963,Solyc06g075190.1,pmf0418,+
329968,Solyc06g076070.1,pmf0418,+
329980,Solyc07g006670.1,pmf0418,+
330137,Solyc09g010680.3,pmf0418,+
330149,Solyc09g011640.4,pmf0418,+
330162,Solyc09g064742.1,pmf0418,+
330224,Solyc10g050510.1,pmf0418,+
330256,Solyc10g085860.1,pmf0418,+
330303,Solyc11g071450.2,pmf0418,+
330319,Solyc12g013570.2,pmf0418,+
330340,Solyc12g049360.2,pmf0418,+
330345,Solyc12g056460.2,pmf0418,+
330357,Solyc12g094390.1,pmf0418,+
