Index,Q1 (Da),Q3 (Da),Rt (min),Molecular Weight (Da),Ionization model,KEGG ID,Compound name,Class,R30,S30,L30,F30,R45,S45,L45,F45,R85,S85,L85,10DPA,20DPA,IMG,MG,Br,Br3,Br7,Br10,Br15,Cluster
pmc1990,299.1,223.1,6.76,300.1,[M-H]-,-,"4'-Hydroxy-5,7-dimethoxyflavanone",Flavonoids,0.6431611652413106,3.0387092054148463,0.5403818763889807,-1.449319741136893,0.5878184712439022,0.2346793762128201,0.0950049580288842,1.0068417257957087,0.8487197429459704,-0.437339050898568,-0.6850634906964913,0.4718623504874276,-0.1263658179607491,-0.4347036845177388,-0.2528634042405397,-0.418891486232765,-0.0077743308234453,-1.188418469434825,-1.364988016950366,-1.101451378867469,7
pme0330,579.179,271.0,4.17,580.1792,[M-H]-,C09789,Naringenin 7-O-neohesperidoside (Naringin),Flavonoids,-0.6179162444350421,-0.6139227679541445,-0.6178650758371506,-0.6082593345056964,-0.6218740191896834,-0.6143414201187115,-0.6164463101683401,-0.5662894550078538,-0.6218740191896834,-0.6152136121282261,-0.6191305682968222,-0.6138297341397962,-0.5598933802714132,-0.2422991965401628,0.0188932372424766,0.4631297007552473,1.5539511739881764,2.197047415670276,1.993535946783536,1.9225976633430144,6
pme0371,433.121,271.0,4.24,434.1213,[M-H]-,C09099,Naringenin 7-O-glucoside (Prunin),Flavonoids,-0.5042121232680989,-0.4959884273664805,-0.4960087837296303,-0.4857084639758294,-0.5042121232680989,-0.496558405534675,-0.4981767364050845,-0.4511840720737615,-0.5042121232680989,-0.4944718783118201,-0.4999548647262198,-0.5025716752091272,-0.5027111162967034,-0.498746714573279,-0.4960596746375048,-0.4791537150415925,1.6840966405249482,2.52176098413939,1.9772282698821284,1.726845003139537,6
pme1201,273.084,167.0,5.55,274.084,[M-H]-,C00774,Phloretin,Flavonoids,-0.4907682382127398,-0.490096639660689,-0.4907682382127398,-0.4895582896056411,-0.4907682382127398,-0.4861198252040599,-0.4907682382127398,-0.4907682382127398,-0.4872291842594996,-0.4877594348961022,-0.4898170790885457,-0.4808173188380335,-0.4832863351060281,-0.4792235623052539,-0.4831556993246527,-0.0024552145976922,3.3107294726445207,1.3394355316901403,1.5915625897446102,1.0716321798706252,6
pme1580,287.063,135.0,4.99,288.063,[M-H]-,C05631,Eriodictyol,Flavonoids,-0.505870304193318,-0.5051914661965424,-0.5041803794084284,-0.5044398249456424,-0.505870304193318,-0.505151423155429,-0.5042729789410032,-0.5042904977714904,-0.505870304193318,-0.5044665203063847,-0.5043997819045289,-0.4890357675673211,-0.4991883469496211,-0.4965438377760885,-0.4959431921593872,-0.3708086886799285,2.14447825425951,1.9484341988083584,1.4512331049833092,2.361378060290572,6
pme1599,301.079,165.0,5.73,302.079,[M-H]-,-,7-O-Methyleriodictyol,Flavonoids,-0.4161491547788365,-0.4161491547788365,-0.4161491547788365,-0.3860227850654821,-0.4161491547788365,-0.4161491547788365,-0.4161491547788365,-0.4007704205910452,-0.4161491547788365,-0.4161491547788365,-0.4161491547788365,-0.4082853422739788,-0.412475218354621,-0.4161491547788365,-0.4161491547788365,-0.4161491547788365,-0.4161491547788365,1.989438951996514,3.015856177618267,2.0121976487952224,6
pme2957,271.07,151.0,5.5,272.069,[M-H]-,C06561,Naringenin chalcone,Flavonoids,-0.4895162146222951,-0.4898063307003275,-0.4896897129092939,-0.4893003985469548,-0.4898063307003275,-0.489576369985525,-0.4898063307003275,-0.4875749383406443,-0.4898063307003275,-0.4898063307003275,-0.4898063307003275,-0.4891443197666827,-0.4892277011388817,-0.4815710150221458,-0.4830505117934741,-0.1151714331318508,3.2124188718634303,1.544791427885897,1.5610496341642297,1.124400665546157,6
pme2982,257.1,153.0,6.78,256.074,[M+H]+,C09827,Dihydrochrysin (Pinocembrin),Flavonoids,-0.5150606276775781,-0.5150606276775781,-0.5150606276775781,-0.5150606276775781,-0.5150606276775781,-0.5150606276775781,-0.5150606276775781,-0.5150606276775781,-0.5150606276775781,-0.5150606276775781,-0.5150606276775781,-0.5150606276775781,-0.5150606276775781,-0.5150606276775781,-0.5150606276775781,-0.201226710774847,2.045984692382472,1.5436757091700282,2.122046472449124,2.2154292519368948,6
pme3461,301.1,151.0,5.74,302.27876,[M-H]-,C09756,Homoeriodictyol,Flavonoids,-0.4676627125411125,-0.4759952400762371,-0.4771316486603581,-0.4715494817176544,-0.4690921190457875,-0.4750262849434936,-0.4771316486603581,-0.454019483647555,-0.4657466995667609,-0.4738864092882762,-0.4756967070070906,-0.4759277842543782,-0.4759241347058556,-0.4713907871827311,-0.4697302426049597,-0.4709279636042599,1.3719718412461512,1.5599230427264583,3.166332650746322,1.4486118127879368,6
pmf0058,271.0,150.894,5.51,232.1212,[M+H]+,C00509,Naringenin,Flavonoids,-0.4911609198626671,-0.4914693952859167,-0.4914693952859167,-0.4909919297384395,-0.4914693952859167,-0.491254414915885,-0.4914693952859167,-0.4893993099534059,-0.4914693952859167,-0.4914693952859167,-0.4914693952859167,-0.4907586289981667,-0.4908800851887956,-0.4827177631595747,-0.484608052553296,-0.0985579486990821,3.2046426698205326,1.49493562187854,1.5968772686893913,1.1541592596822654,6
pmf0451,521.0,273.0,4.49,520.0,[M+H]+,-,Naringenin O-malonylhexoside,Flavonoids,-0.4419361807078693,-0.4317771064277517,-0.437155439870167,-0.4319903526309071,-0.4452581665452255,-0.4259578125475431,-0.4335384319995368,-0.4025887964790371,-0.4424828206799698,-0.4305687112765377,-0.4270460601329675,-0.442312978571262,-0.4456223835116767,-0.4439296238282219,-0.4221520912227932,-0.4332295709796273,-0.1785230219540889,2.154163984421165,2.419620909883063,2.542284655060955,6
pmf0455,537.0,289.0,4.13,536.0,[M+H]+,-,Eriodictyol O-malonylhexoside,Flavonoids,-0.4371817243747906,-0.4434918339462313,-0.4259583251525222,-0.4463440816162943,-0.4462366339300933,-0.428497997735455,-0.4278142397323577,-0.3874236776922535,-0.4448788858953715,-0.4036385103371321,-0.4242880020306703,-0.4487461234811751,-0.4478971890804725,-0.4166299123959807,-0.4035408306224039,-0.4053967452022394,-0.2114048317520654,2.51747335860922,1.80734183253532,2.7245543538329704,6
pma0825,503.0,255.0,5.25,502.0,[M+H]+,-,Chrysin O-malonylhexoside,Flavonoids,-0.6079766057783009,-0.7569190292727331,-0.7417975800892082,-0.7726245412218359,-0.7382675304071458,-0.7627724934728073,-0.6490535475332075,-0.6222572613102801,-0.723120408135024,-0.737048058698797,-0.6770372141037378,0.1687626897183895,0.7200922673350291,2.247641038845625,0.7733639261734239,0.2862170700488261,-0.0449657728501097,0.3728637440630826,0.4704214807309862,2.794477825957822,0
pmb3000,503.1,341.1,3.95,504.1,[M-H]-,-,Chrysoeriol O-acetylhexoside,Flavonoids,-0.7559814788413768,0.2815445959313337,-0.5678815307236673,-0.4251530650245902,-0.7559814788413768,3.4563978307626555,-0.5306705509226733,-0.2667731844231452,-0.7559814788413768,1.2569076040855205,-0.4366584097541454,-0.6289230853604454,-0.4574924123725292,-0.5270427395214622,-0.4046300176691674,-0.5262135254868997,-0.348658070336196,0.7345027623111205,0.4598256133622795,1.1988626216661422,7
pmb3002,607.1,299.0,3.68,608.1,[M-H]-,-,Chrysoeriol 7-O-rutinoside,Flavonoids,-1.5872767637001188,0.9667623057405064,-0.4146646481098713,1.1406758564398387,-1.6200950412332222,1.6466061857469867,-0.4640719068312725,1.5833648945835932,-1.6247867545214068,1.8857373179585688,-0.6162462636931882,-0.4640719068312725,-0.1320551282234564,-0.3099212596205007,-0.0470746432226464,-0.1004344826417597,0.1979853600355035,0.1663647144538067,-0.0352169011295101,-0.1715809352005774,7
pme0324,255.058,153.0,6.65,254.0579,[M+H]+,C10028,Chrysin,Flavonoids,-0.4445975059531152,-0.5471530205681135,-0.1638828830648918,-0.7426166442453788,-0.2560722742349779,-0.573413866628558,1.0565553838494424,-0.6027292637307698,-0.3848886349104207,-0.1403863365897573,3.7752440260017583,-0.1590453587905994,0.0282359381141483,0.6529676443941925,0.5465421103597603,0.474670321141702,-0.4086616113440861,-0.66962531369527,-0.7225754722518818,-0.7185672378531823,2
pme0341,299.063,284.0,5.77,300.26,[M-H]-,-,"5,7,3'-Trihydroxy-4'-methoxyflavone (Diosmetin)",Flavonoids,-0.4490587265979247,-0.5089706212275962,-0.5106730523321308,0.2068332569794753,-0.4827273417456406,-0.5074809940111285,-0.5097154348358302,1.0428485315277258,-0.5082569681886864,-0.5054973577687912,-0.51343190273814,-0.4850073834034994,-0.4867174146468936,-0.4128820656265641,-0.423674262807096,-0.4143260920098747,-0.1176926723224364,0.7266827549712964,1.1500104894470924,3.709737257336644,6
pme0363,299.063,284.01,5.75,300.0634,[M-H]-,C04293,Chrysoeriol,Flavonoids,-0.4907611212264265,-0.5176264054853854,-0.5130213653020446,0.1995818295805217,-0.4441293521937918,-0.5095790595171552,-0.5131896558070836,1.0280300884772318,-0.4891853101337883,-0.5091353845493249,-0.5145818772578611,-0.4866609525582028,-0.4885733446609191,-0.4149080008642864,-0.4237815002208902,-0.4129956087615701,-0.1232299573579931,0.7319917909767454,1.1940257229930085,3.697729463869216,6
pme3303,303.0,257.0,4.41,302.043,[M+H]+,C10192,Tricetin,Flavonoids,-0.8351646045026839,1.3832583414449275,-0.3152851681613621,-0.6384489873725758,-0.8444023941894523,2.7242500869752204,0.9675647107501611,-0.740646092593216,-0.8374157029014628,2.1856437216231974,-0.1966536635876729,-0.8396090737462117,-0.7927113745772449,-0.4126486265134585,-0.066835719118211,-0.3547829682871771,-0.1469361529397938,-0.2339417965735822,0.130653281510864,-0.1358878172402652,7
pmf0150,435.13,166.7,4.39,436.136947,[M-H]-,C01604,Phloridzin,Flavonoids,-0.7747012796256514,-0.5110067357295516,-0.7234516755793994,-0.7300221376366112,-0.7327963327274338,-0.068595623877291,-0.7487114519326804,-0.721699552364143,-0.8163142059879926,-0.0510743917247263,-0.8120799082177895,-0.4161000615698257,-0.2058452757390484,-0.0496142890453458,0.1139172110452587,0.0379918717174779,0.6293334568665389,2.398977904275581,2.1332392166283483,2.0485532612242854,6
pmf0459,551.1,303.0,4.59,550.1,[M+H]+,-,Tricetin O-malonylhexoside,Flavonoids,-0.4442855392923083,-0.39942615459093,-0.430429786666481,-0.4330512950632875,-0.4492071026250021,-0.418269978162055,-0.3792521787677255,-0.3350246163860849,-0.4468737938828128,-0.3946597756876454,-0.4328351453223246,-0.4484921457895094,-0.4487470916378246,-0.441032208575764,-0.43811695822329,-0.4403338786434223,0.0409096638578599,1.385471898668136,2.0211738291410906,3.3324822576493816,6
pmb3023,449.1,287.0,3.19,450.1,[M-H]-,-,Eriodictyol C-hexoside,Flavonoids,-0.3282678730042455,-0.3226263592156624,-0.3161460944149692,1.4606048305355763,-0.3302947911097418,-0.3209472314096027,-0.3148505495116555,4.02121122767346,-0.3302947911097418,-0.3184323501266995,-0.3256462997881282,-0.3159225494120445,-0.3218922171037846,-0.3191029851354737,-0.3236348520129479,-0.3207211461225539,-0.3141646727981363,-0.21242629362614,-0.2059739719508125,-0.2404710303566978,5
pmf0426,435.1,285.1,3.52,434.1,[M+H]+,-,Naringenin C-hexoside,Flavonoids,-0.5730286407933398,-0.389018067455264,2.8220305524765057,-0.3519915496494317,-0.3979941929839506,-0.2062897977641435,2.018987893570792,-0.5364829868551158,-0.121978332976837,0.8056080676394038,1.786570357560156,-0.5257436938118656,-0.4883966000942945,-0.2314550068356399,-0.2272875199830354,-0.4021616798365551,-0.7036344729948475,-0.789213815513081,-0.789213815513081,-0.6993066981863736,8
pmf0423,431.1,269.2,4.05,432.1,[M-H]-,-,Heptamethoxyflavone,Flavonoids,-0.5062058724512762,-0.5030494793036827,-0.5062058724512762,-0.4730196290436573,-0.5062058724512762,-0.5005298582943943,-0.4983281376805936,-0.2228976916670345,-0.5062058724512762,-0.5004812909279134,-0.4987593619312034,-0.4961107136182974,-0.49589485865616,-0.4827331023398368,-0.4565606881806864,-0.4323849324213062,0.8045719281066219,2.235150689671728,1.8520081318779804,2.69384248421354,6
pmf0428,447.2,285.0,3.79,446.2,[M+H]+,-,Biochanin A 7-O-glucoside,Flavonoids,-0.5883032298470767,-0.6312568481384658,0.2447259761760847,-0.7483427114909245,-0.7483427114909245,-0.7105762528247169,0.0250321706634142,-0.5521362613757556,-0.2254605193849737,-0.2871119692957647,0.2079446603210223,-0.7483427114909245,-0.6171318287605041,0.4336030035399191,1.219927891144093,3.733980534318499,-0.252318832676111,-0.3825266789822676,0.0657898449892942,0.5608464746060813,0
pmf0429,449.1,287.1,3.94,448.1,[M+H]+,C12249,Kaempferol 3-O-glucoside,Flavonoids,-1.097933196952149,-0.8425353542677566,-0.4501653551862292,1.7547488326190714,-1.097890740324656,-0.4094777538387309,-0.2467273484487376,3.3044157361150943,-1.0995140340963296,-0.6104391239724617,-0.5467541827328991,0.1912835251878096,0.5128924784476008,0.2298482951606559,0.1767775107943537,-0.2127620464543042,-0.136340116966829,0.2687668703626107,0.1767775107943537,0.1350284937595293,9
pmf0431,451.44,153.0,3.85,450.44,[M+H]+,-,Eriodictyol-7-O-glucoside,Flavonoids,-0.495995935188593,-0.4952121517231705,-0.5049027225955494,-0.4852778907325458,-0.4921648730459547,-0.4936915369073067,-0.5071958869352142,-0.5071958869352142,-0.5071958869352142,-0.4490176076769371,-0.4865767072138357,-0.4844451388036459,-0.5071958869352142,-0.4771024617301126,-0.4631032421712989,-0.4276155086394915,1.1018424356286745,2.40497966369602,1.9642634924000344,2.3128037324445714,6
pmf0435,465.0,285.0,3.51,466.0,[M-H]-,-,Taxifolin O-glucoside,Flavonoids,-0.9059641121948026,-0.2142518032165614,-0.1084573664932307,-0.4295068205100712,-0.9059641121948026,-0.1964448188175851,-0.2262977044276339,0.6205815241942766,-0.9059641121948026,-0.2598167338845307,0.0481393492507094,-0.867359617487492,-0.751132382845702,-0.6033867858177238,-0.6374295501098847,-0.4164134496284708,0.2078784740062336,1.9849107700570323,2.0844203887571955,2.482458863557845,6
pmf0438,477.4471,315.0,3.92,476.4471,[M+H]+,-,Irisolidone 7-O-beta-d-glucoside,Flavonoids,2.1109322994856656,-0.4349799889849248,-0.0503487273777615,-0.7531261687842405,2.4328339991139787,-0.7837480996976005,0.2071726323248886,-0.5195823587590326,1.756015040921116,-0.3119970319474413,1.1159258920448176,-0.7845322192223362,-0.7850274526063797,-0.7318311332703675,-0.5934546718788634,-0.479963688035548,-0.6915521513681582,-0.567785074805939,-0.4878048832829043,0.3528537861310353,4
pmf0439,477.1,315.2,3.91,476.1,[M+H]+,-,"3,7-Dimethoxykaempferol-C-glucoside",Flavonoids,2.530609186722369,-0.3728829050793755,0.0661895035495274,-0.7259416114630025,2.22341739298924,-0.7489809959929872,0.0349406831525367,-0.564612955650742,1.4437858061355062,-0.2680139823911694,1.3325611911631663,-0.7329858370779173,-0.7531174923879108,-0.6810280526551243,-0.4247877253998007,-0.4353805458733569,-0.7126476217686895,-0.6466013861160668,-0.5519015710824746,-0.0126210807737303,4
pmf0458,551.0,303.0,4.58,550.0,[M+H]+,-,Quercetin O-malonylhexoside,Flavonoids,-0.4402207213332266,-0.3987575564931712,-0.4350558149532275,-0.4244221841708762,-0.4429550835344027,-0.3956394241584968,-0.4300508127955192,-0.3112099947888506,-0.4380540191211837,-0.3762910132612862,-0.4257733748492351,-0.4438825280236905,-0.4434907626790775,-0.4347679873531037,-0.4285557083170985,-0.4348719250975928,0.0333836042482471,1.130326569164484,2.247257561867095,3.293031175650213,6
pmf0468,595.3,449.1,3.93,594.3,[M+H]+,-,Kaempferol 3-O-glucoside-2'-O-rhamnoside,Flavonoids,-1.272203888460079,-0.9365884620953934,-0.336136936420016,1.9957136487270808,-1.272203888460079,-0.3711146951972224,-0.1962259013111901,2.5170488152635384,-1.272203888460079,-0.5120250948425399,-0.625452969734338,1.034658086134313,1.1179384641752803,0.4933356288680227,0.3617526315632936,-0.3161496456901838,-0.449398250555732,0.0902585991497387,-0.0113434620602417,-0.0396587905941709,9
pmf0469,611.16,302.94,3.71,610.153,[M-H]-,C04194,Rutin,Flavonoids,-1.601895519731052,0.0867315872034102,0.1458151842227996,0.97746157257148,-1.6604509452013287,1.0320691395136428,1.331067948672372,1.5441269803483524,-1.667585737144428,0.956871834216238,0.0204863420604582,0.5853613378064402,0.7966299574515302,0.2433926399063371,0.4958407362619107,0.3606646279296707,-0.959764244852141,-0.9123183260335403,-0.7565524793460587,-1.0179526358560853,1
pmf0470,611.2,465.1,3.45,610.2,[M+H]+,-,C-hexosyl-tricetin O-pentoside,Flavonoids,-1.122785969112757,-0.7007737483980806,-0.7506911970438883,-0.2742639023737725,-1.1247390682743292,-0.3235494845810259,-0.5314335428654664,-0.689400152504099,-1.1247390682743292,-0.6028976370659838,-0.3924229263834697,-0.4935215565521945,0.3594981354964213,1.3142483241523166,2.413695927237199,2.154630687429841,0.7746343856267477,0.4511187690868282,0.5635909951495345,0.0998010292505093,0
pmf0481,743.1774,303.0501,3.43,742.1774,[M+H]+,-,Quercetin-3-pentosylhexoside-7-deoxyhexoside,Flavonoids,-1.1137267648998586,-0.7234366887478043,-0.875943455929805,-0.3035664953498588,-1.1151871601707204,0.0138382138476799,-0.5985717731175413,-0.5461475718987286,-1.1149955258860833,-0.8228043792398266,-0.7142386243521399,-0.6042907768868664,0.2359261935564682,1.201008079630066,2.0302636261821942,1.958776079065632,1.4726607586730047,0.8578678534705645,0.5009067015351945,0.2616617105184308,0
pmf0483,757.5085,287.053,3.0,756.5085,[M+H]+,-,Kaempferol-dihexoside-rhamnoside,Flavonoids,-1.0269280265006255,-0.6238224625659644,0.1964220333954011,0.4445903091872486,-1.0271197606659093,-0.3447137264156529,0.4832658846353287,2.558855100348961,-1.0269673144393514,-0.6302683918073112,-0.1796979378371779,-0.857809694026849,-0.8184895256546343,-0.6992398346897206,-0.6634649274002464,-0.6334913564279844,0.8013724926957875,1.379250049182518,1.192318101183464,1.475938987802718,5
pmf0488,903.0,286.8,4.36,902.0,[M+H]+,-,Kaempferol-ferulyglucosyl-xylosylrhamnoside,Flavonoids,-0.6957757285165207,0.9859762362554384,-0.5965039948579735,0.9412753475403144,-0.6965459592143814,1.5313270785799509,-0.5502213823883144,3.324864275026771,-0.6864765682518146,0.6421232461391,-0.3144757723645529,-0.6404484069948415,-0.6293763407130953,-0.6008365425334393,-0.5723655149518065,-0.5764917508332026,-0.4693471591129516,-0.2216354650331415,0.0121845682459684,-0.1872501660215077,5
pmf0489,905.09998,302.7,2.69,904.09998,[M+H]+,-,Quercetin O-dihexoside-rhamnosyl-xyloside,Flavonoids,-0.6991142690244946,-0.5303443401403238,-0.5885419853447436,-0.5541745736919943,-0.7005493516266454,-0.4757536520551195,-0.4067351354930534,-0.4602315781600688,-0.6993412236297487,-0.5238599228473522,-0.411557920854701,-0.6608837657694575,-0.5890688442497976,-0.2705623723406505,0.1363348127933149,0.6121289316651034,0.6319874596248287,1.5851968016916482,1.3582421964376434,3.2468287330156107,6
pmb0595,479.2,317.2,3.98,478.2,[M+H]+,-,Isorhamnetin 5-O-hexoside,Flavonoids,-0.9124059432021852,0.0524464253453247,0.3504703229661773,0.5495811166352813,-0.8888337944032946,1.6061529088471398,0.3273477791852491,3.2118851158560435,-0.894871347501648,1.2246309364618244,0.1642053869531444,-0.5975539720518794,-0.499925453865738,-0.5808543570989867,-0.4976774287759255,-0.6572872101526106,-0.4922179392720953,-0.5917733361066473,-0.5400687590409606,-0.3332504507782138,5
pmb0706,713.1,465.1,2.96,712.1,[M+H]+,-,Quercetin 5-O-malonylhexosyl-hexoside,Flavonoids,-0.6621961092719234,-0.1482025551351617,-0.5734649120612565,-0.5555736154915502,-0.6621961092719234,1.018172355851457,-0.3981302056781353,-0.4831826770633542,-0.6621961092719234,-0.0621867062423432,-0.302205330992864,-0.6190065193526526,-0.605641720815082,-0.5781441742410258,-0.5434625839674414,-0.5024502272153455,0.2068708690943929,1.477841052334679,1.377374540827867,3.277980737963585,6
pmb0711,611.2,303.1,3.7,610.2,[M+H]+,-,Quercetin 7-O-rutinoside,Flavonoids,-1.598444166916307,0.0904393608305798,0.1479218531951106,1.4748093852763646,-1.6673944165075618,0.9287257078133216,0.9430963309044544,2.0975363858921154,-1.6721989948276972,0.9143550847221888,0.1373833962616135,0.3059987071975705,0.4305441073207209,0.0952295685276241,0.2394148202086558,0.1143903993158011,-0.8053294785166927,-0.510731705148472,-0.8613749085721103,-0.8043714369772837,9
pmb3026,505.1,301.2,3.65,506.1,[M-H]-,-,Quercetin O-acetylhexoside,Flavonoids,-0.4539360303209636,-0.4539360303209636,-0.4539360303209636,-0.4539360303209636,-0.4539360303209636,-0.4523754209783969,-0.4515714507905456,-0.4539360303209636,-0.4539360303209636,-0.4539360303209636,-0.4539360303209636,-0.4539360303209636,-0.4539360303209636,-0.4539360303209636,-0.452197929604137,-0.452636399036105,0.4159849123267746,1.5642007161808935,2.344286262310792,2.9315416734422874,6
pmb3894,329.1,229.1,5.89,330.1,[M-H]-,-,Di-O-Methylquercetin,Flavonoids,-0.0473234213683465,-0.0699315493875473,-0.3319443883828869,-0.3015002392929534,0.2235351220849911,0.2838966289323718,-0.3114434256936311,4.272585001407292,0.025988372402654,-0.2068972958339676,-0.2920618945859085,-0.3822749102741757,-0.3790044140849903,-0.3806725866378633,-0.3788288169741615,-0.3669540623543678,-0.3750534790913435,-0.3531477395154577,-0.3614886022798231,-0.2674782990698843,5
pme0200,287.048,153.0,5.72,286.048,[M+H]+,C05903,Kaempferol,Flavonoids,-0.4685004676610128,-0.4685004676610128,-0.2719218552483429,2.0150916176207465,-0.4685004676610128,-0.4559318177545637,-0.199885892950132,3.706482323838834,-0.4685004676610128,-0.4424220804546701,-0.0736946288291569,-0.2002281065477482,-0.3903277600235494,-0.4035885369311773,-0.4319580441735606,-0.3791202647016187,-0.2291451555463174,-0.20998119407981,-0.1322987074209318,-0.0270680261539491,5
pme0369,593.159,285.0,3.94,594.1585,[M-H]-,-,Kaempferol 3-O-rutinoside (Nicotiflorin),Flavonoids,-0.7550702978723159,-0.5688713966971835,-0.4697023593824708,2.4917179614002034,-0.7557022495513983,-0.2914389886629064,-0.3761542391625193,3.2384969468470275,-0.7557962393151043,-0.5006174034036566,-0.549037589234241,0.0498309778047281,0.238131700479223,0.0076740995940203,-0.0200289918015876,-0.2657433676582845,-0.1019337837538199,-0.176210188220305,-0.2191700545874073,-0.2203745368219989,9
pme1478,317.0,151.0,4.68,318.038,[M-H]-,C10107,Myricetin,Flavonoids,-0.5536943987803398,-0.3067295577698233,-0.5536943987803398,2.258585516520005,-0.5536943987803398,-0.2440746298178952,-0.5536943987803398,3.341572577624569,-0.5536943987803398,-0.4436945776905435,0.1650351013520866,-0.5536943987803398,-0.5536943987803398,-0.5536943987803398,-0.5536943987803398,-0.5536943987803398,0.4496771127465986,-0.0483621935809586,0.0875585775405627,0.2773760608787964,5
pme1502,315.079,300.0,7.22,314.079,[M+H]+,-,Kumatakenin,Flavonoids,0.7896681284248097,1.9433008418098143,0.081125315637813,0.383794904470689,0.758344116262711,1.3386311312206427,0.4711075053004755,2.637432494895688,-0.5940498486480504,-0.6493689702391582,-0.7159985619135433,-0.7159985619135433,-0.7159985619135433,-0.7159985619135433,-0.7159985619135433,-0.7159985619135433,-0.7159985619135433,-0.7159985619135433,-0.7159985619135433,-0.7159985619135433,7
pme1521,303.058,125.0,4.12,304.058,[M-H]-,C01617,Dihydroquercetin (Taxifolin),Flavonoids,-1.341666011648898,-0.4290271613904234,0.5458051381999989,1.9542340875770527,-1.341666011648898,-0.3694304269176465,0.8583839292102776,2.3677624492248928,-1.11367201449391,-0.2228711105101033,-0.7586335908214956,-0.4655149580064093,-0.4059182235336324,-0.4679474777808084,-0.7002531162359185,-0.5962628958803587,0.1590344940705487,0.8839253868414677,0.2429564262873162,1.2007610874569448,5
pme1566,463.096,300.0,3.85,464.3763,[M-H]-,C10073,Quercetin 3-O-galactoside (Hyperin),Flavonoids,-0.7652333054124465,-0.1878067846247679,1.882327942311315,0.2751107494488168,-0.7652333054124465,0.2442495805105778,3.1005319793470645,-0.0115732672669295,-0.7652333054124465,-0.4647451690442283,1.43484099270685,0.3002869662142222,-0.074107741168098,-0.6529982995674861,-0.6427653856563859,-0.6683476704341366,-0.5842103782762008,-0.5359694984095851,-0.6075186821848181,-0.5116054176688701,8
pme1588,315.058,151.0,5.9,316.058,[M-H]-,C10084,Isorhamnetin,Flavonoids,-0.498221937943531,-0.4581851096066078,2.272598162443202,0.0525064608593221,-0.4827118369764869,-0.4094605573411584,2.347775870856624,0.4274552815712664,-0.4723326146086587,-0.3700862325596284,2.328981443753269,-0.5276446135738342,-0.5171620218569377,-0.5276446135738342,-0.5276446135738342,-0.5276446135738342,-0.5276446135738342,-0.5276446135738342,-0.5276446135738342,-0.5276446135738342,8
pme1605,593.159,285.0,3.95,594.159,[M-H]-,-,Kaempferol 3-O-robinobioside (Biorobin),Flavonoids,-0.7792631076320335,-0.5816699026786497,-0.47633760075863,2.506520287887732,-0.7802064263520512,-0.2979522507327903,-0.3701558447908683,3.1988253367975386,-0.7800331377263118,-0.5145630329070243,-0.5553368271986447,0.0532969980085654,0.3094073934028066,0.0278133765763026,-0.0146593258108021,-0.2593020915605251,-0.0843145577256537,-0.1743566867863157,-0.1985661271469654,-0.2291464728656807,9
pme2973,675.2,513.0,4.78,676.237,[M-H]-,C17555,"Kaempferol 3,7-O-diglucoside 8-prenyl derivative (Icariin)",Flavonoids,-0.4958547109936676,-0.4969861700873936,-0.4971442882404602,-0.4971743418146929,-0.4955181046945717,-0.4971773346367359,-0.4977035385626385,-0.4966351794394208,-0.4953222393776226,-0.4967998473286863,-0.4958077033175999,-0.4965601081807406,-0.4953316409128362,-0.495820520743941,-0.4968108157864355,-0.4764564920490896,1.6035391585977512,1.7962706304756224,2.4167719545702324,2.1065212925229275,6
pme3211,463.0,301.0,3.84,464.096,[M-H]-,C05623,Quercetin 3-O-glucoside (Isotrifoliin),Flavonoids,-0.7851628962943946,-0.1857170188869626,1.944232030019461,0.2361276804698035,-0.7851628962943946,0.3050002844464184,3.060223298159055,-0.0329856424758583,-0.7851628962943946,-0.4647148359218611,1.3862363959496646,0.3493210805239624,-0.0317102238836987,-0.6573030433379509,-0.6506070957291133,-0.6821737058850618,-0.5948075323221337,-0.5457039165239915,-0.5906624218976152,-0.489266643820932,8
pme3267,447.0,285.0,3.86,448.101,[M-H]-,C12626,Kaempferol 3-O-galactoside (Trifolin),Flavonoids,-0.6237407303871064,-0.4766119062766192,-0.5000358420495972,-0.4800741046356738,-0.6237407303871064,-0.338123971914441,-0.4809937510747976,-0.3868111363386443,-0.6237407303871064,-0.3354191294464298,-0.5152862848527384,-0.5635996400478624,-0.4550272633818891,-0.3073969614778327,-0.3976305062106895,-0.2905187444774423,0.6199312302551593,2.935817351366429,1.8863384737780475,1.9566643779463404,6
pme3396,289.0,215.0,3.61,288.063,[M+H]+,C01378,Fustin,Flavonoids,-0.3413554340065509,-0.3261721278853642,-0.3186595545441521,3.452616317417346,-0.3503983077537698,-0.3314560909531068,-0.3228651578021512,2.474903423250026,-0.3503983077537698,-0.3297666605845088,-0.3294072073145944,-0.3041735877665996,-0.3200254769698271,-0.3199535863158441,-0.326962925079176,-0.3324266147818758,-0.3390082041540094,-0.3339542911790122,-0.3166466162326312,-0.3338895895904276,9
pmf0180,433.3503,300.8,3.98,434.3503,[M-H]-,-,Quercetin 3-alpha-L-arabinofuranoside (Avicularin),Flavonoids,-1.3608948083319663,-0.0231389713873802,0.5763316007440515,-0.0891823395035548,-1.3608948083319663,1.3332902045371309,2.857367930295009,0.9573510321835208,-1.3608948083319663,1.1656416547037642,0.1445095784459862,-0.3855307861786977,0.4984342947608712,-0.2856190241567924,-0.2246559151264773,-0.2348164332981965,-0.3838373664834111,-0.4956030663723221,-0.7191344661501443,-0.6087235020174625,8
pmf0473,627.57,303.0,2.83,626.57,[M+H]+,-,"Quercetin-3,4'-O-di-beta-glucopyranoside",Flavonoids,-0.8801606809015791,-0.4830914630322176,-0.3262110939368834,-0.3323921216123093,-0.8767964358382402,-0.3382788146365245,0.0302281686793449,0.033760184493874,-0.8764255741777146,-0.436292253489707,0.3604716473378158,-0.7618263777288058,-0.723857207722618,-0.6187797372403773,-0.494864849080648,-0.4480656395381374,0.7607667729844471,1.8292015568795,1.820371517343177,2.762242401217604,6
pmf0513,287.06,259.0,4.61,288.063,[M-H]-,C00974,Dihydrokaempferol (Aromadedrin),Flavonoids,-0.3698262210990224,-0.3657613715873906,-0.3603225851641261,2.775039116105769,-0.3698262210990224,-0.365101454976382,-0.3632590562083269,3.196564798257182,-0.3698262210990224,-0.3679874060886396,-0.3690151709541099,-0.3568335523642961,-0.359784232139356,-0.3621649839321811,-0.3663044608557804,-0.3368939667254483,-0.0551821962269538,-0.2724179035828877,-0.2744702758180819,-0.2866266344419241,9
pme0199,301.043,151.0,5.11,302.043,[M-H]-,C00389,Quercetin,Flavonoids,-0.9610923287374032,-0.9460282920138596,0.0643409721756429,-0.7238085680026219,-0.9376469944646468,-0.9259977597976216,0.7617571994358248,-0.1586476782162564,-0.9736992612115426,-0.7973179299938825,0.4255056931724536,0.3407700060235321,-0.4400747335384465,-0.576943629296233,-0.5611806384926677,0.0697234568402749,2.8824561573008536,1.2146548376455788,0.7448408190612669,1.4983886721097543,6
pmf0484,773.0,303.0,2.84,773.0,protonated,-,Delphinidin 3-sophoroside-5-rhamnoside,Flavonoids,-0.8502240646850332,-0.4281386514737536,-0.3135559732083894,-0.3408846004958182,-0.8509628924774459,-0.3096048463716527,-0.1239018850450279,0.063118118560509,-0.85076075941369,-0.4771984763632343,0.0400698786795449,-0.7603296402723915,-0.7278974741541778,-0.6016589717204404,-0.4343946022985868,-0.4238582640672889,1.0120470805167727,1.62117913451368,2.003121395398228,2.7538354943782,6
pmf0490,919.0,177.0,4.15,919.0,protonated,-,Ferulylpelargonidin di-O-hexosyl-O-pentoside,Flavonoids,-0.6542173106935599,1.756238435624788,-0.303737770063628,-0.4218984629391258,-0.6606828150483538,3.144315627720109,-0.2248810550288221,-0.4930436380178466,-0.6555954375115184,1.878130518801617,0.1910445838929302,-0.6462122347004366,-0.6036917984199971,-0.4363265054376077,-0.1985125635660794,-0.4218984629391258,-0.3957787308298052,-0.3124443474334016,-0.1796068527059998,-0.3612011807041333,7
pmf0472,625.3,317.1,3.98,625.3,protonated,-,Petunidin 3-O-rutinoside,Flavonoids,-0.9058754296261128,-0.1136616508140352,0.2423513332020746,0.4695936634251236,-0.9101512422074362,1.41513071561758,0.3259347190312421,3.439415841167728,-0.9081034492546216,1.0797523799780455,0.1083567177946906,-0.523742637538388,-0.4848241235116818,-0.543071295511383,-0.4331069035298845,-0.6478117258785584,-0.3735537411266027,-0.5166902893590519,-0.5031079891618123,-0.2168348926969139,5
pme0442,303.0,229.0,2.84,303.24,Protonated,C05908,Delphinidin,Flavonoids,-0.8428476282875149,-0.4565428618529398,-0.293577952241513,-0.3836265112703912,-0.8428476282875149,-0.3575103398583035,-0.0081804310502195,0.0471858523434062,-0.8428476282875149,-0.4295909729556654,0.2573687998678873,-0.7408957361877498,-0.6890812521061681,-0.5885862245124548,-0.4713768472150056,-0.4258302442723248,0.5715985742981256,1.505512863994379,2.1636403835789872,2.8280357843024966,6
pme3256,611.0,303.0,2.44,611.0,Protonated,C16315,Delphinidin 3-O-rutinoside (Tulipanin),Flavonoids,-0.7840131511328072,-0.6742029149494062,-0.7840131511328072,-0.6334803143938348,-0.7145315245901246,-0.5910719873140099,-0.7430017009329154,-0.5612101333848836,-0.7840131511328072,-0.7407486737072168,-0.7231340446972733,0.2090363281597579,0.0282164508152197,-0.0590161417695255,0.4655348123162275,0.5908955579512588,0.4886427838618554,1.2673814249495152,1.7405171423462462,3.0022123887375285,6
pmf0144,465.2,303.201,2.69,500.8372,[M-Cl]+,C12138,Delphinidin 3-O-glucoside (Mirtillin),Flavonoids,-0.6456622248616902,-0.6327199802487542,-0.5863458329881541,-0.52656575314447,-0.6529135913486956,-0.5185225502776737,-0.5032030131100947,-0.529815135766045,-0.6458584005413682,-0.5379261084130937,-0.4436369430987865,-0.6264726765586461,-0.5595589356357635,-0.2681488805505016,0.0840756352349281,0.421141121227061,0.8152758958527823,1.5446927412008369,1.758702573576794,3.053462059451336,6
pmf0251,124.08,80.0,0.84,123.08,[M+H]+,C00253,Malvidin 3-O-glucoside (Oenin),Flavonoids,2.392460564004957,-1.0706734321966014,-0.8825608014841233,-0.1930826192758958,2.67399748840665,-1.0530917385502916,-0.760178424142163,-0.6975508225915822,1.1169259269197365,-0.9433497945488154,-0.3522371663356282,-0.6625023483293307,-0.0534632873787297,0.1120114763512449,0.2924249340290645,0.1482090809171768,-0.2626050026485587,-0.0632308949600129,-0.0442702449492867,0.3027671067621879,4
pmf0512,271.06,215.2,4.83,306.0295,[M-Cl]+,-,Pelargonin chloride,Flavonoids,-0.4667440523543108,-0.4667440523543108,-0.4667440523543108,-0.4667440523543108,-0.4667440523543108,-0.4667440523543108,-0.4667440523543108,-0.4667440523543108,-0.4667440523543108,-0.4667440523543108,-0.4667440523543108,-0.4667440523543108,-0.4667440523543108,-0.4667440523543108,-0.4667440523543108,-0.4124100520920621,3.248905202219602,1.2926855708155072,1.7612684127564882,1.110711651615126,6
pmb2831,315.1,153.1,2.45,316.1,[M-H]-,-,Protocatechuic acid O-glucoside,Flavonoids,-1.071662971316919,0.103288892865297,-0.7013148371516973,1.2238949416082825,-1.071662971316919,-0.6032796975107082,-0.6572348035612965,2.401747787221919,-1.071662971316919,-0.036965759467797,0.1061512327088294,-0.7591341019910545,-0.7587047510145246,-0.4090699391270259,-0.4076387692052597,-0.0831925479408473,-0.20441264031445,1.6017238009545764,0.492567111585721,1.906562994290791,5
pme2482,139.1,92.8,3.06,138.032,[M+H]+,C16700,Protocatechuic aldehyde,Flavonoids,0.5600565849675031,1.8632908817295912,0.201388684491099,2.631864954179028,0.5121599398728279,-0.9180561601635154,-0.084877310609633,-0.2630973853805171,-0.485872478844122,-0.4123566980011324,0.7338211578691148,1.1804852202636424,-0.2296811213609763,0.1089370207037031,-0.3778265585142735,-0.4970112335173022,-1.035013084231908,-1.4103891167180824,-0.8746150169381125,-1.20320827979693,7
pmf0289,153.0,109.0,3.28,154.0,[M-H]-,C00230,Protocatechuic acid,Flavonoids,0.4486023859180528,-0.4417790534854287,-0.4309074547676129,-0.4291152731423425,2.476422474128853,-0.3640305251274625,-0.4210903977394546,-0.4179050773782577,3.3592829206968204,-0.38008253324688,-0.4069183556647104,-0.38008253324688,-0.3517407064110334,-0.2438912768586964,-0.2476534662616849,-0.3088506185601436,-0.3884847562468877,-0.3684197460976157,-0.3928739772170409,-0.3104820292915928,3
pma6561,341.0,135.0,2.86,342.0,[M-H]-,-,Caffeic acid O-glucoside,Hydroxycinnamoyl and derivatives,-0.6400191478572043,-0.4547016794068424,-0.5912830603751287,-0.7069560581335119,-0.7009392572097988,-0.1976338599412025,-0.6389662076955545,-0.5634553561029557,-0.4859890442101502,0.3468866236548281,-0.4407126172592095,-0.8082188176796025,-0.7858062342387713,-0.4646294009309689,-0.1916170590174894,-0.0848188426215829,0.8101802947807328,2.2451873150862944,2.0691958880676875,2.2842965210904294,6
pma6599,207.1,85.0,3.33,206.1,[M+H]+,-,6-Hydroxymethylherniarin,Hydroxycinnamoyl and derivatives,-0.7310099041886801,-0.5236324217990151,1.234654787898226,-0.5886696514893088,-0.533045705043663,-0.4172337960337537,0.7440230551468868,-0.6922157671804345,-0.3134024293352145,1.0806192438948987,3.3968574240930813,-0.6294605455494493,-0.5321899520214223,0.3304090943972114,0.5300847995867098,0.3161465440265328,-0.5398917292215886,-0.7672367821302033,-0.5341867090733172,-0.8306195559774984,2
pmb0142,165.1,95.2,6.02,164.1,[M+H]+,C10945,Caffeic aldehyde,Hydroxycinnamoyl and derivatives,-0.5060750652698752,-0.3134142903051977,2.9277657853346395,-0.3293670933277506,-0.5828019121148845,-0.3707830242516861,2.4583852348633712,-0.1784290339605192,-0.5691806726110125,-0.3643405461079628,1.5380312143314725,-0.4238567727690256,-0.3990072142146643,-0.4069836157259408,-0.4422638531796636,-0.5030072185347689,-0.4855204921446628,-0.4649659190194504,-0.2060396545764761,-0.3781458564159413,8
pmb0423,195.1,145.3,3.22,194.1,[M+H]+,-,Hydroxy-methoxycinnamate,Hydroxycinnamoyl and derivatives,-0.7546176421642311,2.641420401152871,-0.1687255695345645,-0.1762348669621734,0.188383241467283,2.7315319702841783,-0.4747711580286711,-0.0585892072629666,-0.4025150294474562,1.2496972779026805,-0.5740607573492783,-0.0101959571739313,-0.5106489124050251,-0.535179284001881,-0.095301328020166,-0.2404810782872721,-0.5847406470240999,-0.7375965679949843,-0.6776890618502818,-0.80968582330003,7
pmb0478,455.1,147.4,1.92,454.1,[M+H]+,-,Coumarin O-rutinoside,Hydroxycinnamoyl and derivatives,-0.5109315752863305,-0.7009085797422697,-0.751825872927601,-0.8062661013906385,-0.4527738551436702,-0.4054945574737379,-0.7178935628299769,-0.2096829529646374,-0.6360334337227002,-0.7451314590982299,-0.8062661013906385,-0.3967081393226885,-0.1337431960877106,0.827532789723525,-0.0621966482863085,-0.1322787930625358,0.3526478087025227,1.3254298182829898,2.938365150297054,2.0241592617235837,6
pmb2620,207.1,133.1,5.43,208.1,[M-H]-,-,"3,4-Dimethoxycinnamic acid",Hydroxycinnamoyl and derivatives,-0.5973919614420055,2.711466240883131,-0.4214055443792258,1.9628380524868967,0.9058743449606252,1.078333194643527,-0.4598168336267813,1.485963202984932,-0.4190526569368474,-0.2842223684950991,-0.4406111890030035,-0.5114238378879528,-0.5856334035090803,-0.6165714759370434,-0.5693020730466842,-0.6353590385009839,-0.6528583857180504,-0.6453538127439702,-0.6519634288087112,-0.6535090259236722,7
pmb2795,177.0,145.0,5.49,178.0,[M-H]-,-,4-Methoxycinnamic acid,Hydroxycinnamoyl and derivatives,-0.0508282454842649,0.0980535514819478,-0.5218618926478448,1.9087397869662688,2.8190456312739696,-0.1832621486904008,-0.462876342611707,2.158294037119159,0.0107095639284363,-0.3698606675547208,-0.1937547705718292,-0.4657121863634446,-0.59037587768982,-0.6142820405169662,-0.6317791964651859,-0.6060864520744452,-0.6481136564751933,-0.5368918645320528,-0.5797131051832874,-0.5394441239086165,5
pmb2940,385.1,205.0,3.23,386.1,[M-H]-,-,1-O-beta-D-Glucopyranosyl sinapate,Hydroxycinnamoyl and derivatives,-0.1797576381714902,1.930313897971477,2.345509302569805,-0.7142080732146675,-0.0418642738705853,1.8537906573429528,0.8203480809339733,-0.6346542091949148,0.9779404972778648,0.139215473755328,0.0240517848886383,-0.7755024313022675,-0.8017930892211763,-0.759591658498317,-0.7048889062866394,-0.6943574900021197,-0.678219420443827,-0.6973123478085677,-0.6880689464653201,-0.7209512102601513,7
pmb3110,167.0,108.0,3.35,168.0,[M-H]-,C06672,Vanillic acid,Hydroxycinnamoyl and derivatives,-0.257478764932231,1.472562800716266,0.3631550574723299,-0.6877584437238916,0.3006951040993472,3.151050119136269,0.5931663143379182,0.3016865319306643,0.5237663661457148,0.9718917459010852,-0.4736100321593784,-0.7581498197474121,-0.6500841861338383,-0.2535130536069623,-0.314981579148628,-0.3020930173415045,-0.8280454818552742,-1.0727298706243569,-1.0844287190338997,-0.9951010714322206,7
pme0388,183.058,137.0,3.24,182.0579,[M+H]+,C05582,Homovanillic acid,Hydroxycinnamoyl and derivatives,-0.9404264031573,-0.9013317588063308,1.203130813486781,-0.6595147716526607,-0.9404264031573,-0.9404264031573,-0.4768751222115927,-0.2496212072582027,-0.9404264031573,-0.8289729969285334,0.2864470767882908,-0.4524766957595416,-0.4475970104691314,0.858067353664916,1.3244258478484066,2.893593217664605,0.7109796970539796,0.0222469732075092,0.8796773885224471,-0.4004731925217413,0
pme0423,195.058,117.0,4.07,194.0579,[M+H]+,-,3-Hydroxy-4-methoxycinnamic acid,Hydroxycinnamoyl and derivatives,-0.6227292793065308,2.545845258559735,1.443236107414629,-0.6296919250849834,-0.443526756811933,2.001389187031561,-0.1558895869479924,1.595044613731709,-0.6657607130520489,0.2287680568779914,-0.3533547868942691,-0.2049705325993791,-0.3750417163681376,-0.4846177810782102,-0.2369302181398169,-0.8820592991203693,-0.5736483336551442,-0.8894682390790472,-0.4937491198040495,-0.8028449356737127,7
pme1424,177.063,162.0,4.63,178.063,[M-H]-,C02666,Coniferylaldehyde,Hydroxycinnamoyl and derivatives,1.6300037557656075,0.4313524028395333,-0.552498775251173,-0.4949974708126717,3.1335277966542057,0.6312562665921756,-0.5639990361388734,-0.4692955454730463,1.543558841710411,0.426721425300862,-0.5792040790575106,-0.5907043399452108,-0.5917077184119229,-0.5970333425813948,-0.593714475345347,-0.5849156180218718,-0.5738784548880386,-0.5837578736372039,-0.4409693995281738,-0.5797443597703555,4
pmf0094,179.1,147.1,5.48,178.18,[M+H]+,-,Methyl p-coumarate,Hydroxycinnamoyl and derivatives,-0.0648905560296429,-0.0507566107200546,-0.5207102922638643,2.045829820148977,2.012031255278223,-0.1357139124179058,-0.4700124449577325,2.7724989648702,-0.0352399968475719,0.1684731714188849,-0.1200436687051014,-0.4793838652173508,-0.5709472500490312,-0.6090474504487909,-0.6212917487224233,-0.6641590830673626,-0.6641590830673626,-0.6641590830673626,-0.6641590830673626,-0.6641590830673626,5
pmf0095,207.1,133.1,5.68,208.21,[M-H]-,-,Methyl ferulate,Hydroxycinnamoyl and derivatives,-0.6044571179381572,2.7223295116457584,-0.4242874226831979,1.938309337935668,0.9640170746374368,1.0811552665988653,-0.4633334866703408,1.4406269667979583,-0.3114876822758964,-0.2835976365707943,-0.4426948528485653,-0.5199192905120257,-0.5990650424351708,-0.625963442070758,-0.579232121044876,-0.6449162775743585,-0.6630900511345965,-0.6599328979607789,-0.6622050070175546,-0.6622558288786171,7
pmf0296,163.20001,119.0,3.85,164.20001,[M-H]-,C00811,p-Coumaric acid,Hydroxycinnamoyl and derivatives,-0.8674478247316987,-0.1612397246315594,2.388585362686524,0.902744879867138,-0.6551848986146436,-0.84221657124986,1.8706104234826408,1.4207198190710213,-0.7646538290649487,-0.9221822899568513,-0.047765833311121,0.4021247711004988,1.2671963190492517,-0.6885595725324195,-0.9292577208274196,-0.8634428638615655,-0.0357509507007216,-0.429572102930478,-0.635160094263978,-0.4095472985798124,8
pmf0307,179.0,135.0,3.29,180.0,[M-H]-,C01197,Caffeic acid,Hydroxycinnamoyl and derivatives,-0.5843248827485126,-0.5605943027544767,3.3876908075495,-0.6077917896315035,-0.5230208844305867,-0.5777330549723915,1.3749860599072037,-0.4599370926131082,-0.5548813853485052,-0.5381820883156652,1.7199583801908724,-0.3417456205872576,-0.4239237401962334,-0.4968733009186398,-0.4636944344454972,-0.5658677649753736,0.2983208564740973,0.1774706805785445,-0.1169642934215294,-0.1428921493409389,8
pmf0315,195.1,145.0,3.21,194.1,[M+H]+,C01494,Ferulic acid,Hydroxycinnamoyl and derivatives,-0.7546612751129779,2.7398619695726,-0.1607717621196514,-0.1848130507066503,0.1928790772398241,2.605718547746592,-0.4895102517114399,-0.0597286651598012,-0.4055399538930816,1.274737063654772,-0.5870691039485366,0.0378301870772955,-0.5114609934647867,-0.5388123145384014,-0.0806341334963219,-0.2391672683816041,-0.5915986220881162,-0.7461248755422317,-0.6835826827688074,-0.8175518923586776,7
pmf0331,225.0758,147.1,2.9,224.0758,[M+H]+,C00482,Sinapic acid,Hydroxycinnamoyl and derivatives,-0.6336216028252063,-0.3980804135095731,-0.3183064312533955,-0.5115031370965555,-0.6109370581078098,-0.4101788373588512,-0.5364561362856916,3.829184494577257,1.3868151800042383,-0.0857898479000818,-0.3504428696030405,-0.7686256461048291,-0.756375991957435,-0.1980783442511943,-0.058946469984496,-0.0619710759468155,-0.2994026439888985,0.1792412495481667,0.2057065517184627,0.3977690303257528,5
pmf0384,341.1,179.2,2.41,342.1,[M-H]-,C00761,Coniferin,Hydroxycinnamoyl and derivatives,-0.7680586602986359,-0.6958255924605541,-0.1275102757255716,-0.400957337520372,-0.7639802863755154,-0.7517821739914944,-0.4687408313231287,0.0766447575379239,-0.7595150235790133,-0.7627140223243722,-0.6201977180693478,-0.7604311064351695,-0.7194693601059963,-0.4588850710966152,0.2586746147827157,0.2667201333349717,1.333757031327922,2.1503771643819047,2.2046844146096327,1.7672093433307134,6
pmf0519,177.0,145.0,5.47,178.18,[M-H]-,-,Trans-4-hydroxycinnamic acid methyl ester,Hydroxycinnamoyl and derivatives,-0.0727364892761888,0.0891219534127343,-0.5242100899521782,1.9341085801988056,2.784156516622648,-0.2204551913396665,-0.4739724232594189,2.18196991586838,0.025409945653374,-0.3645141958294996,-0.1589057321465508,-0.4811254685169971,-0.5907500458366276,-0.623520974109719,-0.6281787710216304,-0.6122091816093626,-0.6283451209113416,-0.5360209321216679,-0.5729506076375375,-0.5268716881875563,5
pmf0390,353.1,191.0,3.15,354.1,[M-H]-,-,4-Caffeoylquinic acid,Hydroxycinnamoyl and derivatives,-1.2030566677982168,-0.2061849133372676,0.0117530849052199,-0.2509400379763498,-1.045635381567706,-0.6809784095084009,1.0527962015099592,-0.3540714121446697,-1.0012694319254851,0.3250389573787956,3.43260130731855,0.6247037049622159,0.3036343325514085,0.7803737037068498,0.1907735834615488,0.2725003328024816,-0.1302957889492585,-0.8804305953999633,-0.6031434101360841,-0.6381691598536267,2
pmf0395,367.0,191.0,3.67,368.0,[M-H]-,C02572,5-O-Feruloylquinic acid,Hydroxycinnamoyl and derivatives,-0.4466344003051442,0.628917895039154,-0.2714502466996941,0.9478349863399984,-0.3424137044463323,0.0254421835997107,0.0954806055842884,4.045823802802483,-0.4393662621746691,-0.2366512823174196,-0.1428262264512872,-0.4153153323610972,-0.4333315050602747,-0.3892821830573956,-0.3845689056030876,-0.4023648316922507,-0.4634832659712454,-0.4671560984398455,-0.466231943664225,-0.4424232851216689,5
pmf0396,367.0,191.1,3.44,368.0,[M-H]-,-,4-O-Feruloylquinic acid,Hydroxycinnamoyl and derivatives,-0.4447921659384111,0.5996120669889382,-0.2661766043734095,0.8972269227697451,-0.3368018225007044,0.0095136460442346,0.1014103961834493,4.067431562090065,-0.437561710978219,-0.2176625839953469,-0.1420926676372109,-0.4131647564996356,-0.4337832151603122,-0.3820038280260339,-0.3724876163364909,-0.4009429552120852,-0.4607038316604852,-0.4648881659180932,-0.4638945614622732,-0.4382381083777208,5
pmf0449,515.0,173.0,3.95,516.0,[M-H]-,-,"3,4-Dicaffeoylquinic acids",Hydroxycinnamoyl and derivatives,-0.4308792626875861,-0.4308792626875861,-0.4308792626875861,-0.4308792626875861,-0.4232573660195668,-0.4308792626875861,-0.4308792626875861,-0.4308792626875861,-0.4308792626875861,-0.4308792626875861,-0.4308792626875861,-0.4308792626875861,-0.4308792626875861,-0.4308792626875861,-0.4308792626875861,-0.4308792626875861,0.0853598070076185,1.7689958568919502,1.72915321879462,3.302937423639169,6
pma3724,369.1,177.1,3.42,368.1,[M+H]+,-,1-O-Feruloyl quinic acid,Hydroxycinnamoyl and derivatives,-0.5953271048042253,0.7228209428936426,-0.0873245679619322,1.7566301555697368,-0.4598008804823542,-0.0199712941182531,0.5779478633053515,3.5484814031091267,-0.5864377434733472,-0.290019797736778,0.0651734105520582,-0.4862974042491601,-0.5277260217454609,-0.3955611070333357,-0.3745290941632811,-0.4259336210873722,-0.6029456496474866,-0.6113222365256115,-0.6091510465565185,-0.5987062058447977,5
pma6460,337.0,163.1,3.24,338.0,[M-H]-,-,5-O-p-Coumaroylquinic acid,Hydroxycinnamoyl and derivatives,-0.9363112935816456,-0.3489482571555367,-0.7111643867291582,2.5139780471018955,-0.5585677911216457,-0.7448962657581871,-0.1754700221491016,2.5139780471018955,-1.043717879823284,-0.5754337306361602,-0.0078814803064652,1.1138373540715636,-0.1278170501874574,-0.7253531929874004,-0.8035254840705471,-0.6629759881162595,0.7095902323744696,0.2009349136827621,0.016212718999984,0.3535315092902744,9
pmb0749,369.1,177.2,2.31,368.1,[M+H]+,-,O-Feruloyl quinic acid,Hydroxycinnamoyl and derivatives,-0.2694239720201661,-0.1984820757230838,-0.2215845339070996,-0.1861546770873442,-0.265561387114301,-0.245052248346989,-0.2313551387517228,4.356537377214687,-0.2729030378573637,-0.2416736279801567,-0.2096223915272337,-0.2859700804112477,-0.2699079365591988,-0.2540740778670711,-0.1910856365416401,-0.1589430860247487,-0.2140054665977189,-0.2085266227596124,-0.2043261758170641,-0.227885204320922,5
pmb0752,369.1,177.1,2.87,368.1,[M+H]+,-,3-O-Feruloyl quinic acid,Hydroxycinnamoyl and derivatives,-0.5578936958390712,2.1167791723542058,-0.1304145534603771,-0.2956837385969486,-0.5578936958390712,2.7299687285146303,0.3963444747841016,-0.4543538361291269,-0.5578936958390712,1.9357422557735096,0.3747368428051151,-0.5520139671825623,-0.5578936958390712,-0.546057268637004,-0.5578936958390712,-0.5578936958390712,-0.5578936958390712,-0.5578936958390712,-0.5578936958390712,-0.5540048476739019,7
pmb2938,353.1,100.9,3.0,354.1,[M-H]-,-,Criptochlorogenic acid,Hydroxycinnamoyl and derivatives,-0.910617882078242,0.2151861695785166,-0.1965612217877666,-0.2651857870154805,-0.902069909918299,-0.5047697954420606,-0.5035658557012236,1.5527632216485188,-1.0757984145210904,-0.9142297013007534,-0.5276446505179653,0.405408648630776,-0.2182321371228342,-0.4879146390703414,-0.5469076863713587,-0.911942215793163,-0.0593120913323388,1.879030891415369,2.040358816687539,1.932004240012201,6
pmb3058,369.0,191.0,2.06,370.0,[M-H]-,-,Quinic acid O-glucuronic acid,Hydroxycinnamoyl and derivatives,-0.3294019775004737,-0.1532893849277155,4.1551005662158,-0.3107666449553203,-0.3474257307360122,-0.2161024113418325,0.9519144029813996,-0.318729446755163,-0.3474257307360122,-0.3000384023907853,0.2793147396089963,-0.3427679363770965,-0.3409474703460679,-0.3462543650701997,-0.3466198479451314,-0.3397411128217354,-0.3356139217757719,-0.3383515691659446,-0.336072512455344,-0.3367812435055918,8
pmb3064,499.2,163.2,2.5,500.2,[M-H]-,-,3-O-p-Coumaroyl quinic acid O-hexoside,Hydroxycinnamoyl and derivatives,-0.6739846850053509,-0.4014860637959103,-0.3402788904992257,-0.3756358544569382,-0.6739846850053509,-0.6739846850053509,-0.535533004591817,2.451390657659726,-0.6739846850053509,-0.6739846850053509,-0.6739846850053509,-0.6739846850053509,-0.6739846850053509,-0.6739846850053509,-0.4586286318083749,-0.1628818289105298,1.1894922807177997,1.366362134089714,1.915679082542871,1.417382284100843,6
pmb3066,481.1,319.2,2.5,482.1,[M-H]-,-,5-O-p-Coumaroyl shikimic acid O-hexoside,Hydroxycinnamoyl and derivatives,-0.7046358203663564,1.1960575873535486,0.7874673331335129,-0.3687789098294683,-1.13452196977362,0.9553957884019568,1.574698817704053,-0.1003073029990259,-0.4629044134194242,0.8366693009191715,2.755546044559864,-1.026053022966149,-0.8800515316021834,0.0761780162321414,-0.6586426765667189,-0.7292368042591858,-0.6714779725108038,-0.2671661502721296,-0.8180142678724397,-0.360222045866745,2
pmb3074,337.1,191.1,3.23,338.1,[M-H]-,-,3-O-p-Coumaroyl quinic acid,Hydroxycinnamoyl and derivatives,-0.8161888077548654,-0.2155015604644139,-0.6127625497949676,2.706335121422649,-0.4130583767801486,-0.5965857959952008,0.0149813919039433,2.4257471794089964,-0.881897922746838,-0.3835680114460607,0.1094650866636425,1.5438993616518035,0.1051703732654744,-0.6651580532526189,-0.7361639814356656,-0.5680975304540188,0.1982224968924509,-0.4703212220890573,-0.3586586737366855,-0.3858585252584171,9
pme0398,353.095,191.01,2.81,354.0951,[M-H]-,C00852,3-Caffeoylquinic acid (Neochlorogenic acid),Hydroxycinnamoyl and derivatives,-1.461640287505924,-0.366617622319186,-0.6346672810294637,1.1116364361127409,0.0261680161869632,-0.5152392152674587,0.6339241730647215,0.9046277887919324,-1.1471463809993112,-0.8867931976381406,0.9232054879104662,1.0850968659434064,1.8945537561081056,1.4009177509584856,0.4799946660825817,0.3552586862867098,-0.1596089749983775,-1.225703508700541,-0.9717198221800109,-1.44624733680771,1
pme1816,353.0,191.0,2.35,354.095,[M-H]-,C17147,Chlorogenic acid (5-Caffeoylquinic acid),Hydroxycinnamoyl and derivatives,-0.6407991075529473,0.8911703813629271,0.0156172947045905,-0.4613894566934552,-0.6380204142686223,2.327348932811796,1.1273660977637807,-0.3465494704433851,-0.6273508836312045,2.012421310943991,1.8726043064078537,-0.6440981101366772,-0.6440981101366772,-0.6434966255278426,-0.6432875787443614,-0.6417969665824086,-0.6344774785226096,-0.5808311870734041,-0.5855958248008006,-0.5147371098805446,7
pmb2723,485.1,323.2,3.48,486.1,[M-H]-,-,4-Hydroxycoumarin di-glucoside,Hydroxycinnamoyl and derivatives,-0.4847191638436883,-0.4847191638436883,-0.4847191638436883,-0.4847191638436883,-0.4847191638436883,-0.2978927624923019,-0.4847191638436883,-0.4847191638436883,-0.4847191638436883,-0.4847191638436883,3.317100939679956,-0.4548081769284465,-0.4546671040034836,-0.4847191638436883,-0.4847191638436883,-0.4847191638436883,-0.285485398741822,1.502197760033279,0.9012270996916664,1.5889576088854132,2
pmb3093,351.1,105.1,2.36,352.1,[M-H]-,-,"6,7-Hihydroxycoumarin 7-O-quinic acid",Hydroxycinnamoyl and derivatives,-0.5931411384217957,1.4860374561976135,-0.1712094366792487,-0.2536883992108219,-0.5917506011389142,2.0890871571194176,0.0812010566962694,-0.1562886193368535,-0.5621555744074218,2.903515103725153,0.9368684845677916,-0.5954911671532229,-0.595594783940323,-0.5950932786907591,-0.5949171301526891,-0.5947720666507492,-0.589158109125673,-0.5409141330519287,-0.5562286941853036,-0.5063061261605399,7
pmb3094,703.4,351.1,2.33,704.4,[M-H]-,-,Esculetin O-quinacyl esculetin O-quinic acid,Hydroxycinnamoyl and derivatives,-0.4723205559432273,1.1783314524539876,-0.308025648290736,-0.3402321512605103,-0.4733714955177885,2.0509657507970345,-0.2634043480868029,-0.3553458174586167,-0.4683960406204524,3.3608168212995877,0.2859054483753254,-0.4709167842327794,-0.4709995495476738,-0.4686569312869673,-0.4660210359321786,-0.4624009530285368,-0.4672247314900992,-0.4625628851663737,-0.4666903554352375,-0.4594501896279542,7
pme2996,161.0,116.6,4.65,162.032,[M-H]-,C20414,4-Hydroxycoumarin,Hydroxycinnamoyl and derivatives,-0.5566253838979733,-0.5566253838979733,-0.5566253838979733,-0.2617151493620838,-0.2308500186545983,-0.5566253838979733,-0.5566253838979733,-0.3276526147236308,-0.5566253838979733,-0.5566253838979733,-0.4287854323984962,-0.5566253838979733,-0.5566253838979733,-0.5566253838979733,-0.5566253838979733,-0.5566253838979733,1.6487490988931888,2.035024548958968,2.137129206141961,2.107604967920373,6
pme3416,177.0,133.2,3.04,178.027,[M-H]-,C09263,"Esculetin (6,7-dihydroxycoumarin)",Hydroxycinnamoyl and derivatives,-0.5248123031794233,-0.5248123031794233,0.1756162645617152,-0.5248123031794233,-0.5248123031794233,-0.4372976387965499,0.3381677854740578,-0.1199596283331998,-0.5248123031794233,-0.225587676566501,4.112772390929204,-0.5248123031794233,-0.5248123031794233,-0.5248123031794233,-0.3239100384666634,-0.3178219665223809,0.3062054077665748,0.2270604724909024,0.1281293033963118,0.3351237495019166,2
pme3428,339.1,177.0,2.71,340.079,[M-H]-,C09264,"6,7-Dihydroxycoumarin-6-glucoside",Hydroxycinnamoyl and derivatives,-0.0487427810905923,-0.1921808867593954,0.1428570242918236,-0.1858989259271851,0.3752895750836068,0.1187761744350173,0.2517443453834698,0.5124457199201997,0.1187761744350173,3.324670185806369,1.9311218745277052,-0.8731454409709981,-0.8440390224484237,-0.8006934927061721,-0.7414336621889877,-0.6246938900570785,-0.7834181004175935,-0.5816624583564376,-0.6374672104159063,-0.4623052025444408,2
pmf0279,147.03678,91.0542,2.92,146.03678,[M+H]+,C05851,Coumarin,Hydroxycinnamoyl and derivatives,-0.3647025408033585,-0.3796912048746809,-0.2674203461096793,0.4935425990497675,-0.3068136298868728,-0.2707831874077324,-0.225817195193765,4.275297841660351,-0.0296194257473521,-0.0483552558365051,-0.2096755569631101,-0.465347576795091,-0.3873296586802587,-0.2775088700038386,-0.3403459616874596,-0.2770284641041167,-0.268909604398817,-0.2650183166110699,-0.117053299496733,-0.2674203461096793,5
pmf0518,193.1,133.0,4.21,192.042,[M+H]+,C01752,Scopoletin (7-hydroxy-5-methoxycoumarin),Hydroxycinnamoyl and derivatives,-0.9945953273171808,-0.7765078779665889,3.226872709389682,-0.9945953273171808,0.0042442737004385,-0.493560118804404,0.4910773193967859,-0.9945953273171808,-0.0710813909548995,0.7132880301300333,1.3601209751265635,-0.9945953273171808,-0.9945953273171808,-0.0645165955287418,0.8999646773193491,-0.1753910613580524,0.2646090710960633,-0.1447695411612084,0.2007460075839289,-0.4621198413830454,2
